"data","em","region1","region2","n1","n2","w1","w1_sd","smd","ks","sd_ratio","null_q95","resolved"
"GUSTO-I","age","1","10",2188,1717,1.6082153558511,0.134691406884555,0.133569015217341,0.0648467470685127,1.0053036278833,0.790953842143678,TRUE
"GUSTO-I","age","1","11",2188,2491,1.03517193817304,0.0866978195505095,0.08475081760903,0.0433825024200467,1.01879189487094,0.754140627217765,TRUE
"GUSTO-I","age","1","12",2188,4352,0.647844832105603,0.0542583625767037,0.0520652636868993,0.0333554011183998,1.00167274652045,0.674588281691076,FALSE
"GUSTO-I","age","1","13",2188,2297,1.32572072586531,0.11103188951228,0.0677944179048102,0.0807268681270141,1.05477825778356,0.686392387952969,TRUE
"GUSTO-I","age","1","14",2188,3437,0.560672930721118,0.0469575331227627,0.0385265837876782,0.0363824899377088,1.01769281244763,0.680141821080573,FALSE
"GUSTO-I","age","1","15",2188,2576,0.510412582181748,0.042748123586505,0.029214087386651,0.0303604074170802,1.00994679047372,0.744409905668411,FALSE
"GUSTO-I","age","1","16",2188,1231,1.77380223937673,0.148559655451236,0.110925962343982,0.0933542682410668,1.10329398650883,0.878975629625147,TRUE
"GUSTO-I","age","1","2",2188,2952,1.96023081739273,0.164173439615839,0.159378648154696,0.0912578092874164,1.03621750157098,0.72369477335107,TRUE
"GUSTO-I","age","1","3",2188,2030,2.38407587827919,0.19967135184766,0.199002173422853,0.109038553327149,1.01375006968205,0.784143032798696,TRUE
"GUSTO-I","age","1","4",2188,2876,0.540368205765168,0.0452569698488388,0.0229907750123775,0.0331120818321201,1.0158138402366,0.716295456059477,FALSE
"GUSTO-I","age","1","5",2188,1909,0.915929441795478,0.0767110105456796,0.0303517808611852,0.0373414012141084,1.00399116396295,0.782988993861943,TRUE
"GUSTO-I","age","1","6",2188,1585,1.05954033760287,0.0887387240791148,0.00470935622237695,0.0588082976257072,1.0628249877319,0.787998765160122,TRUE
"GUSTO-I","age","1","7",2188,3150,0.518475413365834,0.0434234025979297,0.0398463935962726,0.0239784103769479,1.00901832165194,0.720002220524651,FALSE
"GUSTO-I","age","1","8",2188,2916,0.646356228511672,0.0541336889055872,0.0189000440383172,0.0293012390818607,1.00413016067668,0.718207057042654,FALSE
"GUSTO-I","age","1","9",2188,3123,0.608490806254943,0.0509623804253635,0.0225659700067165,0.0378895509579513,1.01530035556423,0.690329310846693,FALSE
"GUSTO-I","age","10","11",1717,2491,2.63102809882613,0.220354117932261,0.217283929502527,0.0903609429590089,1.02419518797186,0.801411565432879,TRUE
"GUSTO-I","age","10","12",1717,4352,2.23130427344205,0.186876409732065,0.185659311083661,0.0760569852941176,1.00698524602883,0.720564079904084,TRUE
"GUSTO-I","age","10","13",1717,2297,2.41138332848625,0.201958408039131,0.205083507596974,0.116271280384204,1.04921361917736,0.76231999100394,TRUE
"GUSTO-I","age","10","14",1717,3437,2.06356548296155,0.1728279344475,0.173371464646163,0.0758347823007325,1.01232382358991,0.789826177459348,TRUE
"GUSTO-I","age","10","15",1717,2576,1.96120725834458,0.164255218592185,0.162193388499616,0.0742465733602955,1.01530317243233,0.789183692701682,TRUE
"GUSTO-I","age","10","16",1717,1231,2.96789442129572,0.248567378513548,0.251244055777011,0.133355128411967,1.0974733960046,0.922670639923695,TRUE
"GUSTO-I","age","10","2",1717,2952,3.49936791557563,0.293079397632112,0.295750694228414,0.134086166866328,1.03075078297764,0.736061370542542,TRUE
"GUSTO-I","age","10","3",1717,2030,3.97990340696197,0.333325252241884,0.334017762032594,0.148828722339055,1.00840188134656,0.812668682144077,TRUE
"GUSTO-I","age","10","4",1717,2876,1.88367501638285,0.157761730819701,0.155562148902197,0.0736223626453295,1.02120133884392,0.764210165049578,TRUE
"GUSTO-I","age","10","5",1717,1909,1.27265785463395,0.106587762826459,0.102869701259681,0.0778496732365129,1.00931595949473,0.853287807440036,TRUE
"GUSTO-I","age","10","6",1717,1585,1.66688428610536,0.139605052763888,0.142317880702907,0.080091275039547,1.05721789741246,0.85765742054313,TRUE
"GUSTO-I","age","10","7",1717,3150,1.12990499801241,0.0946319118732947,0.0930142468540831,0.0492899205886975,1.01436977935742,0.751551114402197,TRUE
"GUSTO-I","age","10","8",1717,2916,1.3816825761189,0.115718811767496,0.114342258837824,0.0640063098539338,1.00945569339531,0.788233493985745,TRUE
"GUSTO-I","age","10","9",1717,3123,1.87374022372571,0.156929671111263,0.157211092155804,0.0738386603535756,1.00994398846642,0.774736794772883,TRUE
"GUSTO-I","age","11","12",2491,4352,0.419017547730654,0.0350935978865154,0.0331020985014841,0.0213827684074432,1.01709056017543,0.64049252142271,FALSE
"GUSTO-I","age","11","13",2491,2297,1.15481781081462,0.0967184121629318,0.01980901782546,0.0467943193668735,1.07459953991599,0.696660234493283,TRUE
"GUSTO-I","age","11","14",2491,3437,0.61898645925448,0.0518414133630459,0.0473166680148345,0.030985449275816,1.03681718879006,0.699372759519373,FALSE
"GUSTO-I","age","11","15",2491,2576,0.677239028515077,0.0567201881364638,0.0553945801379967,0.0292144889303355,1.00875799050074,0.710868074820907,FALSE
"GUSTO-I","age","11","16",2491,1231,1.42439644295418,0.119296187643551,0.0210634969424738,0.0625090292559306,1.12402697111505,0.88256078121693,TRUE
"GUSTO-I","age","11","2",2491,2952,1.20398912331004,0.10083661264788,0.0716199218643394,0.0582639507647586,1.05568999192393,0.683676188179886,TRUE
"GUSTO-I","age","11","3",2491,2030,1.40847249072029,0.117962523267234,0.111799500009578,0.0683491109867444,1.03280035441692,0.751664946180635,TRUE
"GUSTO-I","age","11","4",2491,2876,0.752307999340044,0.0630073717882076,0.0613165448525148,0.036923466900871,1.0029316933048,0.697559827067289,TRUE
"GUSTO-I","age","11","5",2491,1909,1.39691853269991,0.11699485506584,0.114654059413287,0.054078811537144,1.01474189359354,0.806177197165952,TRUE
"GUSTO-I","age","11","6",2491,1585,1.19569404075492,0.100141882097331,0.0825794186278927,0.075801465718226,1.08279748316757,0.819757760391669,TRUE
"GUSTO-I","age","11","7",2491,3150,1.51028856225268,0.126489832665358,0.123853651657999,0.0521766613777854,1.00968621977349,0.675480581662238,TRUE
"GUSTO-I","age","11","8",2491,2916,1.2695770908329,0.106329742400815,0.103303246629789,0.0476579885117286,1.01460142795072,0.687181966216926,TRUE
"GUSTO-I","age","11","9",2491,3123,0.809855908166614,0.0678271297733021,0.0630279399829764,0.0424003518012267,1.03437977310842,0.68892065168195,TRUE
"GUSTO-I","age","12","13",4352,2297,0.966634688148224,0.0809576812063169,0.0143028182608998,0.050120621686855,1.05654263444411,0.646170400770506,TRUE
"GUSTO-I","age","12","14",4352,3437,0.291683765098453,0.0244291266984594,0.0140252159670599,0.0174125594738914,1.01939515455853,0.574453127620702,FALSE
"GUSTO-I","age","12","15",4352,2576,0.318876704078371,0.0267065923346414,0.0226174929487267,0.0179256485202777,1.00826022668783,0.632304251347278,FALSE
"GUSTO-I","age","12","16",4352,1231,1.33925246952203,0.112165201406171,0.0562721505032904,0.0632042710971472,1.10513951768579,0.801087398185881,TRUE
"GUSTO-I","age","12","2",4352,2952,1.39941526183644,0.117203961364189,0.106259295770376,0.0621768143232903,1.03795083079116,0.593911269652678,TRUE
"GUSTO-I","age","12","3",4352,2030,1.75808111824471,0.147242978604835,0.146414584064633,0.077817118226601,1.01544581658371,0.683655142101022,TRUE
"GUSTO-I","age","12","4",4352,2876,0.375684447992514,0.0314643599569285,0.0286840497721831,0.021669892313671,1.0141174787527,0.598693300587903,FALSE
"GUSTO-I","age","12","5",4352,1909,1.00835173654978,0.0844515714492085,0.0822881470386404,0.0396337588204481,1.00231454579408,0.687517432433539,TRUE
"GUSTO-I","age","12","6",4352,1585,0.903338760959826,0.0756565146355277,0.0489181814114541,0.0605108496474299,1.06460282453197,0.743645558088526,TRUE
"GUSTO-I","age","12","7",4352,3150,1.10933164128151,0.092908850125165,0.0916447933450742,0.0391841736694678,1.00733330836545,0.592314429074755,TRUE
"GUSTO-I","age","12","8",4352,2916,0.859065022845558,0.0719484962703547,0.0708423431482627,0.0331950874485597,1.00245331038982,0.608144263867454,TRUE
"GUSTO-I","age","12","9",4352,3123,0.465230277671828,0.0389640108813338,0.0299115525110952,0.0255876996571924,1.0169986957012,0.594434163644144,FALSE
"GUSTO-I","age","13","14",2297,3437,0.833248431972026,0.0697863026729191,0.0288601377629404,0.0562735748859153,1.03644070674602,0.666321112286852,TRUE
"GUSTO-I","age","13","15",2297,2576,1.07410206264179,0.0899582990726148,0.0374659624886781,0.0543888936960713,1.06526991610998,0.710457696982562,TRUE
"GUSTO-I","age","13","16",2297,1231,0.621579571347786,0.0520585919360436,0.0429166334386135,0.0285679728477119,1.04599614029513,0.870509166638079,FALSE
"GUSTO-I","age","13","2",2297,2952,1.10857459697638,0.0928454460778392,0.0946697919406953,0.0528154432610934,1.01791202733446,0.64931067208849,TRUE
"GUSTO-I","age","13","3",2297,2030,1.58586899382574,0.13281985222678,0.136028563813784,0.0595231304056909,1.04047169941442,0.716448636270054,TRUE
"GUSTO-I","age","13","4",2297,2876,1.09080193870217,0.0913569486957429,0.0436469678270713,0.0525275454529492,1.0714583526372,0.704681082433215,TRUE
"GUSTO-I","age","13","5",2297,1909,1.21182911411313,0.101493228310322,0.0987986413502542,0.0545383061651691,1.05898805075493,0.776944447080974,TRUE
"GUSTO-I","age","13","6",2297,1585,0.922386336038366,0.0772517889722225,0.0650992124362479,0.0499460961973442,1.00762883562394,0.815105166181647,TRUE
"GUSTO-I","age","13","7",2297,3150,1.41939377614694,0.118877203812816,0.108357629966089,0.0755552791425669,1.06429058738373,0.677459175342579,TRUE
"GUSTO-I","age","13","8",2297,2916,1.14505450554878,0.0959007148829527,0.0870420132255858,0.0652876388538041,1.05913466146648,0.691387828655257,TRUE
"GUSTO-I","age","13","9",2297,3123,0.849280497010468,0.0711290217232229,0.0451660966153514,0.0462625727831942,1.03888297881803,0.670698419599776,TRUE
"GUSTO-I","age","14","15",3437,2576,0.368987223438034,0.0309034533630555,0.00886555742894233,0.0188074787162718,1.02781558961966,0.64050900621118,FALSE
"GUSTO-I","age","14","16",3437,1231,1.27997359598218,0.107200471498224,0.0715858882329625,0.0693232507994073,1.08411297890109,0.799342751469115,TRUE
"GUSTO-I","age","14","2",3437,2952,1.52525079331569,0.127742950877838,0.121602313562424,0.0688789027110521,1.01820263334551,0.617899917760888,TRUE
"GUSTO-I","age","14","3",3437,2030,1.92388831077624,0.161129678512529,0.16197012471096,0.0855046000421378,1.00388926509945,0.710042553499945,TRUE
"GUSTO-I","age","14","4",3437,2876,0.383204166452533,0.0320941521393441,0.0150296177299467,0.0206109129844857,1.03378644399362,0.638542415181998,FALSE
"GUSTO-I","age","14","5",3437,1909,0.877691090226486,0.0735084684538911,0.0690641191516554,0.0411114801135701,1.02175459132602,0.710709412087636,TRUE
"GUSTO-I","age","14","6",3437,1585,0.726790080851451,0.0608701926290303,0.0349497271804042,0.0491168202039597,1.04434754253174,0.732487998676492,FALSE
"GUSTO-I","age","14","7",3437,3150,0.942359113568034,0.0789245509534309,0.0785413270027905,0.0352574919988362,1.02687069357315,0.615170218407526,TRUE
"GUSTO-I","age","14","8",3437,2916,0.702349533519877,0.0588232455624317,0.057510069703001,0.0320826812868753,1.02189604728254,0.647241695018465,TRUE
"GUSTO-I","age","14","9",3437,3123,0.309126126365331,0.0258899610138868,0.0160571283438931,0.0185802707739354,1.00235640307845,0.596242763769161,FALSE
"GUSTO-I","age","15","16",2576,1231,1.57574379323481,0.13197184545479,0.0797250987028318,0.0688174538702565,1.11426822062355,0.841098223162883,TRUE
"GUSTO-I","age","15","2",2576,2952,1.63224798431214,0.136704189890745,0.128836298577105,0.072451143766096,1.04652453994431,0.679615496336834,TRUE
"GUSTO-I","age","15","3",2576,2030,2.03098023666738,0.170098851771431,0.168590659518634,0.0834279288926965,1.0238336292179,0.770216075310559,TRUE
"GUSTO-I","age","15","4",2576,2876,0.193032726397083,0.0161668954338673,0.00610776988195996,0.011798758627839,1.00580926620909,0.705260669418793,FALSE
"GUSTO-I","age","15","5",2576,1909,0.791559240065853,0.0662947454699032,0.0593582232836374,0.0325291850632343,1.00593195112123,0.736364990786126,TRUE
"GUSTO-I","age","15","6",2576,1585,0.936971822403354,0.0784733540265843,0.0253962338152715,0.0560299390638165,1.07339668519511,0.798733329226835,TRUE
"GUSTO-I","age","15","7",2576,3150,0.839223416149068,0.0702867201213601,0.068734425382523,0.0298326432022085,1.00092017042888,0.680400364216701,TRUE
"GUSTO-I","age","15","8",2576,2916,0.610320787431093,0.051115645184521,0.047961080156837,0.0354331211819136,1.00579270499466,0.671226877412264,FALSE
"GUSTO-I","age","15","9",2576,3123,0.400973938848814,0.0335824078231152,0.0069804898245591,0.0193735170633429,1.02539933546892,0.633030268346898,FALSE
"GUSTO-I","age","16","2",1231,2952,0.880423733706265,0.0737373330729647,0.0542179872733237,0.0524809076279228,1.06473205175184,0.802812014490169,TRUE
"GUSTO-I","age","16","3",1231,2030,1.17126469248839,0.0980958729759027,0.0969080561522596,0.0575514320129015,1.0883293816738,0.900865626188009,TRUE
"GUSTO-I","age","16","4",1231,2876,1.61119470047645,0.134940933241657,0.0858955459813111,0.0673966120921173,1.12074130134549,0.840888849299335,TRUE
"GUSTO-I","age","16","5",1231,1909,1.79257851282926,0.150132207708102,0.142481064054564,0.0712121257253788,1.10769741370833,0.884037899296121,TRUE
"GUSTO-I","age","16","6",1231,1585,1.45514882055829,0.121871763725121,0.109644024262624,0.0641606039561589,1.0380768228486,0.939406631780989,TRUE
"GUSTO-I","age","16","7",1231,3150,2.02719805268655,0.169782085935549,0.152112974310326,0.0885247508155713,1.11324384655582,0.82359122128093,TRUE
"GUSTO-I","age","16","8",1231,2916,1.74278987579661,0.145962304999242,0.130475152276061,0.0793624129289202,1.10785076794673,0.84970327786191,TRUE
"GUSTO-I","age","16","9",1231,3123,1.41073117222317,0.118151692577314,0.0881848241086139,0.060298672385095,1.08666758606196,0.829990631443604,TRUE
"GUSTO-I","age","2","3",2952,2030,0.611157603094504,0.0511857302503039,0.0420567792479874,0.0267458314977238,1.02216269331156,0.7336402337899,FALSE
"GUSTO-I","age","2","4",2952,2876,1.73216683109634,0.145072602739609,0.134689902641595,0.0734331595749894,1.05260407959119,0.658538920785418,TRUE
"GUSTO-I","age","2","5",2952,1909,2.26537577155565,0.189729969113206,0.189934213493618,0.0839890136722216,1.04035321552103,0.741135181180714,TRUE
"GUSTO-I","age","2","6",2952,1585,1.86932784809315,0.156560125403662,0.159536899314016,0.0939934856761817,1.02567751087063,0.739572438853411,TRUE
"GUSTO-I","age","2","7",2952,3150,2.39751261904762,0.20079670705053,0.199178533073747,0.0949670925280681,1.04556244430152,0.637933029326365,TRUE
"GUSTO-I","age","2","8",2952,2916,2.14817788734986,0.179914400663285,0.178269965131729,0.0776539864164074,1.04049724634846,0.628625461917427,TRUE
"GUSTO-I","age","2","9",2952,3123,1.66050322059777,0.139070625152863,0.137657496447762,0.0755088134454832,1.02060192916522,0.644155586014074,TRUE
"GUSTO-I","age","3","4",2030,2876,2.10189957213426,0.176038494764266,0.174269062631062,0.0814513863672177,1.02978135132384,0.731049347735977,TRUE
"GUSTO-I","age","3","5",2030,1909,2.74434110758734,0.229844319920969,0.22915752638212,0.0910690093851525,1.0177961124276,0.810704005269311,TRUE
"GUSTO-I","age","3","6",2030,1585,2.32455263166074,0.194686155182171,0.200309751931321,0.104610650961135,1.04840928698061,0.851739155024786,TRUE
"GUSTO-I","age","3","7",2030,3150,2.86367105637657,0.239838453248578,0.238209804750329,0.106042692939245,1.02289239388512,0.685905891625616,TRUE
"GUSTO-I","age","3","8",2030,2916,2.60694338049964,0.218336972290658,0.217614170916553,0.0939687269827755,1.01793702035583,0.727411172501639,TRUE
"GUSTO-I","age","3","9",2030,3123,2.1227321629291,0.177783267908608,0.177806149588959,0.0849874362942036,1.00152925847163,0.726289054228204,TRUE
"GUSTO-I","age","4","5",2876,1909,0.710595706342331,0.0595138798203553,0.0530593466683031,0.0327225331148625,1.01177567761352,0.742863882788213,FALSE
"GUSTO-I","age","4","6",2876,1585,0.916917978220715,0.0767938025432732,0.0189986624257126,0.0531038991238268,1.07963233228736,0.760764967829047,TRUE
"GUSTO-I","age","4","7",2876,3150,0.773634640042387,0.0647935226478354,0.062424323560088,0.0312395964412654,1.00673478215295,0.658608712806588,TRUE
"GUSTO-I","age","4","8",2876,2916,0.555527241195762,0.0465265708396085,0.0416958927238189,0.0277629919622399,1.01163562256914,0.689044245193656,FALSE
"GUSTO-I","age","4","9",2876,3123,0.358759016953048,0.0300468196315367,0.000776309627173244,0.0165054730994457,1.03135615317928,0.654507911923158,FALSE
"GUSTO-I","age","5","6",1909,1585,0.848618343790744,0.0710735650031926,0.0359572835369016,0.0447609117033213,1.06706689652186,0.855588013659355,FALSE
"GUSTO-I","age","5","7",1909,3150,0.539704873822412,0.045201414408284,0.00955189740280123,0.0348404799321509,1.0050071732396,0.76396021187857,FALSE
"GUSTO-I","age","5","8",1909,2916,0.389876808540298,0.0326529999001047,0.0114268954872839,0.0227208709592351,1.00013844416039,0.732918390613806,FALSE
"GUSTO-I","age","5","9",1909,3123,0.666083861319227,0.0557859195024933,0.0531007102743998,0.0376313758563469,1.01935258575492,0.747853879402671,FALSE
"GUSTO-I","age","6","7",1585,3150,1.0520774553102,0.0881136920448438,0.0457166004204393,0.0524610685493966,1.07240988533099,0.769955550748585,TRUE
"GUSTO-I","age","6","8",1585,2916,0.912122986633087,0.0763922119474693,0.0241632448524033,0.0437239552907271,1.06721462570243,0.779196436185865,TRUE
"GUSTO-I","age","6","9",1585,3123,0.617548437915092,0.0517209760617681,0.0185060361090773,0.0483097321086757,1.04680844629594,0.775034666628282,FALSE
"GUSTO-I","age","7","8",3150,2916,0.404735169508132,0.0338974187744022,0.020949566631214,0.0239466980207721,1.00486805512541,0.631845847442681,FALSE
"GUSTO-I","age","7","9",3150,3123,0.763399408078313,0.0639363005177176,0.0626079341681546,0.0383742738209597,1.02445666074404,0.646627927542199,TRUE
"GUSTO-I","age","8","9",2916,3123,0.586033339856026,0.0490815205434281,0.041561103447392,0.0291979459446639,1.0194937091678,0.662902537871151,FALSE
"GUSTO-I","height","1","10",2188,1717,0.608150748669877,0.064474122137314,0.0588389673466193,0.0381149255908492,1.00588196890568,0.676053080869975,FALSE
"GUSTO-I","height","1","11",2188,2491,0.390182811686972,0.0413658855334934,0.00229199303312342,0.0200137313340824,1.04793920688407,0.618256621460659,FALSE
"GUSTO-I","height","1","12",2188,4352,1.20012509745672,0.127233276095962,0.116077977903219,0.0721078879449403,1.01685730800451,0.566139416032638,TRUE
"GUSTO-I","height","1","13",2188,2297,1.73237449451196,0.183660589074375,0.0889421484001428,0.109587539267099,1.22908190364818,0.56942777778662,TRUE
"GUSTO-I","height","1","14",2188,3437,0.269751997166016,0.0285982106412024,0.0113394367381304,0.0195711365562097,1.00927456238566,0.592070984298731,FALSE
"GUSTO-I","height","1","15",2188,2576,0.379586564774546,0.0402425066358712,0.0252587441379035,0.0230257928622526,1.04004032591165,0.581892252489582,FALSE
"GUSTO-I","height","1","16",2188,1231,3.3361391134272,0.353686386371508,0.347785831178502,0.237698575941143,1.12652853754618,0.746615918450391,TRUE
"GUSTO-I","height","1","2",2188,2952,2.24773951784308,0.238297876839332,0.233104047692388,0.159834004647176,1.12349889630743,0.562076112374469,TRUE
"GUSTO-I","height","1","3",2188,2030,3.18607915094425,0.33777752763836,0.329342257500678,0.231236210048541,1.24741673480169,0.624498707684549,TRUE
"GUSTO-I","height","1","4",2188,2876,2.26847935254378,0.240496645217938,0.231871431391202,0.142669714436819,1.07849399320636,0.567860984050059,TRUE
"GUSTO-I","height","1","5",2188,1909,3.50491956698904,0.371579929380602,0.356832256312109,0.250731883898363,1.27758132356319,0.597943215912693,TRUE
"GUSTO-I","height","1","6",2188,1585,2.51206722645459,0.266321022427115,0.207689922849802,0.174751584495874,1.23729376633274,0.651207716019123,TRUE
"GUSTO-I","height","1","7",2188,3150,0.463923362641828,0.0491836137844817,0.0318346939844572,0.0306778677345405,1.01194199557329,0.591508190418155,FALSE
"GUSTO-I","height","1","8",2188,2916,3.58951557692163,0.380548517331291,0.354468766251329,0.243974491113769,1.28232994286126,0.552805350546565,TRUE
"GUSTO-I","height","1","9",2188,3123,0.79021307091749,0.0837757647429823,0.0711653574171147,0.0519213466636929,1.00238889733977,0.576987612108312,TRUE
"GUSTO-I","height","10","11",1717,2491,0.687916756584625,0.0729306493190196,0.0579066017455942,0.039420188742373,1.054103152714,0.661647856570198,TRUE
"GUSTO-I","height","10","12",1717,4352,1.77817050087362,0.188515729537526,0.175057200902579,0.0956360112114152,1.02283843107171,0.589921681621287,TRUE
"GUSTO-I","height","10","13",1717,2297,1.79160650911054,0.189940170497271,0.024120707763974,0.0925645843797676,1.23631132518797,0.638681217733799,TRUE
"GUSTO-I","height","10","14",1717,3437,0.503394964083514,0.0533682618472733,0.0478025002141339,0.0314091961319221,1.01521108397891,0.644003060158144,FALSE
"GUSTO-I","height","10","15",1717,2576,0.520797821926877,0.055213255024681,0.0347936892086945,0.0301872578562205,1.04615781076932,0.655262026248295,FALSE
"GUSTO-I","height","10","16",1717,1231,3.92632905427495,0.416256363328138,0.40885219766836,0.257784840939295,1.13315474337539,0.813084565062804,TRUE
"GUSTO-I","height","10","2",1717,2952,2.84072890969154,0.301164642291467,0.294475327440046,0.180259023032863,1.13010728188108,0.607095020029262,TRUE
"GUSTO-I","height","10","3",1717,2030,3.67359313271229,0.389462140496123,0.393048714712402,0.265754796285192,1.25475400124822,0.667547693163984,TRUE
"GUSTO-I","height","10","4",1717,2876,2.86396602169421,0.303628163713837,0.292143418625513,0.163103684581008,1.08483766133936,0.622496275889554,TRUE
"GUSTO-I","height","10","5",1717,1909,3.94666852566377,0.418412686518399,0.421013096946813,0.277429080226606,1.28509601718287,0.668986377252954,TRUE
"GUSTO-I","height","10","6",1717,1585,2.86638447589424,0.303884560194179,0.271629586740886,0.199146041900535,1.2445714897935,0.705440253247815,TRUE
"GUSTO-I","height","10","7",1717,3150,0.957893409509019,0.101552677217434,0.0909252085429837,0.0518492017268954,1.01789420692561,0.665728343086409,TRUE
"GUSTO-I","height","10","8",1717,2916,3.97732085663178,0.421662344822606,0.418746065225203,0.272870624026818,1.289872567712,0.572028687345858,TRUE
"GUSTO-I","height","10","9",1717,3123,1.3291416698883,0.140911184520616,0.129864582958736,0.0784183181837424,1.00828491766533,0.651660818311022,TRUE
"GUSTO-I","height","11","12",2491,4352,1.18615912505608,0.125752650096086,0.121121101160562,0.06264749790422,1.03056662781974,0.535288879119241,TRUE
"GUSTO-I","height","11","13",2491,2297,1.46949088114688,0.15579054166743,0.0889090082323773,0.109377826348123,1.17285611185664,0.535611979355545,TRUE
"GUSTO-I","height","11","14",2491,3437,0.355562760882441,0.0376955827527219,0.00930115888493084,0.0242080684528895,1.038309342115,0.54384446094973,FALSE
"GUSTO-I","height","11","15",2491,2576,0.262072373588396,0.027784042460706,0.0235280151542035,0.0162780107766842,1.00759478337101,0.580123580760302,FALSE
"GUSTO-I","height","11","16",2491,1231,3.34510140649311,0.354636538910209,0.359251629079669,0.234238221040099,1.07499416964825,0.708231987714668,TRUE
"GUSTO-I","height","11","2",2491,2952,2.25007627730834,0.238545612315278,0.241572599556393,0.156712403133666,1.07210312289778,0.571979245881379,TRUE
"GUSTO-I","height","11","3",2491,2030,3.06790684889247,0.325249292735422,0.341229547121342,0.227775855147497,1.19035219467621,0.590814291053705,TRUE
"GUSTO-I","height","11","4",2491,2876,2.27963540791355,0.241679373148561,0.240034992108337,0.139557064681811,1.02915702182109,0.561600919080596,TRUE
"GUSTO-I","height","11","5",2491,1909,3.33621258636907,0.353694175728733,0.369721027356024,0.247271528997319,1.21913686898111,0.62149334461053,TRUE
"GUSTO-I","height","11","6",2491,1585,2.2159172389688,0.234924184544593,0.216077413155246,0.167895274724022,1.1806923132609,0.611307637463322,TRUE
"GUSTO-I","height","11","7",2491,3150,0.441283146310847,0.0467833732583761,0.0348862209430674,0.0297584319422938,1.0355724057982,0.558261054080404,FALSE
"GUSTO-I","height","11","8",2491,2916,3.38350496630118,0.358707956746969,0.367323141409126,0.240514136212725,1.22366825712546,0.500317590513778,TRUE
"GUSTO-I","height","11","9",2491,3123,0.782243010476524,0.0829308054110462,0.0751102052112793,0.0529339499881289,1.04544175385938,0.556317690210534,TRUE
"GUSTO-I","height","12","13",4352,2297,2.13014873940434,0.225831293138065,0.21738885432419,0.151785457053958,1.20870636811387,0.528651264877142,TRUE
"GUSTO-I","height","12","14",4352,3437,1.29275500233189,0.137053590900394,0.128056232299581,0.0762441114429478,1.00751306522669,0.471605832506119,TRUE
"GUSTO-I","height","12","15",4352,2576,1.41324699716843,0.149827751926507,0.1438496309152,0.0696388609791743,1.02279869331189,0.508722847494977,TRUE
"GUSTO-I","height","12","16",4352,1231,2.20756032129546,0.234038211893993,0.228139156582443,0.181693729989965,1.10785311634027,0.64213715105635,TRUE
"GUSTO-I","height","12","2",4352,2952,1.27004784891599,0.134646253926906,0.112531584530381,0.105351058106169,1.10487370003978,0.494495248111948,TRUE
"GUSTO-I","height","12","3",4352,2030,2.27611158903216,0.24130578957665,0.204372176754101,0.175231364097363,1.22673724718528,0.51970293370581,TRUE
"GUSTO-I","height","12","4",4352,2876,1.09974816943467,0.116591647632597,0.113497023585507,0.0867827942199133,1.06061488147517,0.502982127699828,TRUE
"GUSTO-I","height","12","5",4352,1909,2.58156745428004,0.273689205705997,0.230997805840177,0.194727037947185,1.25640177191658,0.535283288284211,TRUE
"GUSTO-I","height","12","6",4352,1585,1.78744122866023,0.189498581300717,0.0818887842232371,0.120090549035072,1.21678209576997,0.578761583201893,TRUE
"GUSTO-I","height","12","7",4352,3150,0.845889384920635,0.0896783826005537,0.0846736557353495,0.0563831991129785,1.00485730649852,0.501860879872783,TRUE
"GUSTO-I","height","12","8",4352,2916,2.62433858831598,0.278223659253602,0.228434267953923,0.187969645162592,1.26107166931584,0.467995023337267,TRUE
"GUSTO-I","height","12","9",4352,3123,0.460019118117949,0.0487696987497027,0.04445959991145,0.0398660289644196,1.01443392948898,0.490035462769702,FALSE
"GUSTO-I","height","13","14",2297,3437,1.72978558388324,0.183386121369709,0.0769847807278064,0.110205478575805,1.21778745789743,0.546585416659014,TRUE
"GUSTO-I","height","13","15",2297,2576,1.50258016126895,0.159298557225566,0.0632144973106761,0.106637370645481,1.18176369995156,0.57207324839042,TRUE
"GUSTO-I","height","13","16",2297,1231,4.14935024563173,0.4399003291741,0.481427070314292,0.223637867638607,1.09103485858013,0.663198754282331,TRUE
"GUSTO-I","height","13","2",2297,2952,3.04589453605681,0.322915620452037,0.353865946534879,0.137117549342668,1.09397695688689,0.510392266689319,TRUE
"GUSTO-I","height","13","3",2297,2030,3.83132310081044,0.406184147745341,0.469940733927442,0.211891286771565,1.01491750150994,0.541587486140629,TRUE
"GUSTO-I","height","13","4",2297,2876,3.08602102700323,0.327169697724621,0.349285763433379,0.163076286842062,1.13962795471315,0.543396855243853,TRUE
"GUSTO-I","height","13","5",2297,1909,4.05287241221326,0.429672069768071,0.502929330457706,0.224238780945744,1.03945987632806,0.558829492222643,TRUE
"GUSTO-I","height","13","6",2297,1585,2.72809559581899,0.289223632515137,0.332838648633054,0.143894175505288,1.0066812981789,0.57087032049759,TRUE
"GUSTO-I","height","13","7",2297,3150,1.80047675712282,0.190880564725155,0.124541330008123,0.138650828202417,1.21457742541051,0.554749770231703,TRUE
"GUSTO-I","height","13","8",2297,2916,4.02693396527826,0.426922161789832,0.50060075443947,0.231803963301569,1.04332342625421,0.486227026156262,TRUE
"GUSTO-I","height","13","9",2297,3123,2.04165616625899,0.216449604499685,0.167156577343942,0.161508885930792,1.2261527506041,0.525237340578859,TRUE
"GUSTO-I","height","14","15",3437,2576,0.298940557361703,0.0316926848306778,0.0138177959236965,0.022363727214077,1.03048304660852,0.557899188498564,FALSE
"GUSTO-I","height","14","16",3437,1231,3.44028899440244,0.364728010773468,0.361578329422676,0.240809681615014,1.11617648906493,0.704061710061601,TRUE
"GUSTO-I","height","14","2",3437,2952,2.35749827715763,0.249934135890504,0.246288028657564,0.162992912297467,1.11317468821543,0.494429135984697,TRUE
"GUSTO-I","height","14","3",3437,2030,3.20207779438765,0.339473650669792,0.343716439044734,0.241673271598126,1.2359538041394,0.555935910427096,TRUE
"GUSTO-I","height","14","4",3437,2876,2.37792254420216,0.252099448834496,0.244783757780321,0.145837573845613,1.06858335026009,0.509098669757199,TRUE
"GUSTO-I","height","14","5",3437,1909,3.48208105092442,0.369158665775475,0.371515629938366,0.253842989572234,1.26584120037992,0.574938404869938,TRUE
"GUSTO-I","height","14","6",3437,1585,2.46155331340423,0.260965705169402,0.221332950989876,0.178717592647832,1.22592385902217,0.641590704790786,TRUE
"GUSTO-I","height","14","7",3437,3150,0.479381243332364,0.0508224069452325,0.0433902174874801,0.0330003556072803,1.00264292124962,0.518374250800116,FALSE
"GUSTO-I","height","14","8",3437,2916,3.54611123882641,0.375946933592783,0.369162373791223,0.248976082516853,1.27054618302295,0.495835524448898,TRUE
"GUSTO-I","height","14","9",3437,3123,0.843357722756938,0.0894099841879733,0.0828469555758598,0.0532263138953009,1.00686925510065,0.539526466563273,TRUE
"GUSTO-I","height","15","16",2576,1231,3.57196776089732,0.37868815616908,0.382148118325739,0.250516231816783,1.08315851749182,0.726988744443491,TRUE
"GUSTO-I","height","15","2",2576,2952,2.47762123583969,0.262669172929431,0.264919344176608,0.172651660522816,1.08024551386757,0.528056833770978,TRUE
"GUSTO-I","height","15","3",2576,2030,3.29383915185264,0.349201884963055,0.365174691988094,0.244053865924181,1.19939266172997,0.55998332083958,TRUE
"GUSTO-I","height","15","4",2576,2876,2.50745287623425,0.265831824345321,0.262960268573328,0.155487370312459,1.03697324645657,0.547387114608799,TRUE
"GUSTO-I","height","15","5",2576,1909,3.56704239317519,0.378165985044927,0.393754739378114,0.263549539774003,1.22839594940063,0.601906430068099,TRUE
"GUSTO-I","height","15","6",2576,1585,2.42243970060936,0.256819009873732,0.240499282690777,0.17849305405882,1.18965941560793,0.642038380243745,TRUE
"GUSTO-I","height","15","7",2576,3150,0.582949275362319,0.0618023456548784,0.0578749721315088,0.0325707384403036,1.02776674005158,0.597311369910283,FALSE
"GUSTO-I","height","15","8",2576,2916,3.61256635056957,0.382992283780296,0.391400739154742,0.256792146989409,1.23296175245631,0.52180586973562,TRUE
"GUSTO-I","height","15","9",2576,3123,0.981876376035942,0.104095271658785,0.0978416041220819,0.0548715152853105,1.03756169753257,0.556827240862723,TRUE
"GUSTO-I","height","16","2",1231,2952,1.18443426808354,0.125569786489718,0.12169321044843,0.0932829413590642,1.0026966125634,0.644479339345587,TRUE
"GUSTO-I","height","16","3",1231,2030,0.841369466131503,0.089199195825402,0.0358988188052624,0.0594122284337696,1.1073103727304,0.689961395477264,TRUE
"GUSTO-I","height","16","4",1231,2876,1.27575478285235,0.135251284104781,0.115948395353454,0.108296453802951,1.04453853673956,0.680265724689834,TRUE
"GUSTO-I","height","16","5",1231,1909,1.08305227408415,0.114821604270198,0.0100544185337847,0.0812015766949407,1.13408695916931,0.638917877564013,TRUE
"GUSTO-I","height","16","6",1231,1585,1.54286576787357,0.16356950341166,0.164932610247991,0.0918229645821534,1.09832438779388,0.727298485240642,TRUE
"GUSTO-I","height","16","7",1231,3150,3.01382270189419,0.319515471134633,0.316397421496256,0.237847149691179,1.11323429848167,0.672492334274625,TRUE
"GUSTO-I","height","16","8",1231,2916,1.1381446547188,0.12066231545183,0.0131462448995904,0.0914331306364282,1.1383022268166,0.598813094844099,TRUE
"GUSTO-I","height","16","9",1231,3123,2.6577377612655,0.281764528619861,0.272972534520189,0.22009315856543,1.12384379010567,0.67389706829105,TRUE
"GUSTO-I","height","2","3",2952,2030,1.13091263166326,0.119895600391785,0.09186167288286,0.0959783464829722,1.11029635979309,0.537310691924653,TRUE
"GUSTO-I","height","2","4",2952,2876,0.427423617942717,0.0453140321012259,0.00322201348885844,0.0336209203538489,1.04172939616221,0.496598901854805,FALSE
"GUSTO-I","height","2","5",2952,1909,1.44982508684437,0.153705639483949,0.119023849320976,0.1077860398824,1.13714515231139,0.52502345011009,TRUE
"GUSTO-I","height","2","6",2952,1585,0.695269399776017,0.0737101521251753,0.0374497233886699,0.0408876407376062,1.10128614313669,0.562888069255298,TRUE
"GUSTO-I","height","2","7",2952,3150,1.95775203252033,0.207554366964709,0.200992542912412,0.160321331784746,1.11024041024302,0.529072309330236,TRUE
"GUSTO-I","height","2","8",2952,2916,1.49590693900766,0.158591084369428,0.116145315527825,0.103156679714945,1.14137178690238,0.482546777242464,TRUE
"GUSTO-I","height","2","9",2952,3123,1.64099160047796,0.173972478216836,0.158226688752452,0.142228587271463,1.12082136912038,0.508666976133017,TRUE
"GUSTO-I","height","3","4",2030,2876,1.40486242523483,0.148938847463101,0.0863957939141766,0.121040443418267,1.15662835644835,0.543324523661078,TRUE
"GUSTO-I","height","3","5",2030,1909,0.350084355412655,0.0371147804037167,0.0277032298960512,0.0368673666609036,1.02418164509096,0.555175092316148,FALSE
"GUSTO-I","height","3","6",2030,1585,1.12181007288154,0.118930577347846,0.13621587525496,0.0761557706950942,1.00818154002259,0.58020701310003,TRUE
"GUSTO-I","height","3","7",2030,3150,2.86259222769568,0.303482518637765,0.296547264956285,0.231384783798577,1.23269588598801,0.560078927203065,TRUE
"GUSTO-I","height","3","8",2030,2916,0.441077290572821,0.0467615491168698,0.0245040488312609,0.0367346456107631,1.02798840763117,0.484450982180867,FALSE
"GUSTO-I","height","3","9",2030,3123,2.58735673195377,0.274302965693367,0.25127466880767,0.213630792672828,1.24444388611266,0.558046260937049,TRUE
"GUSTO-I","height","4","5",2876,1909,1.6911310052449,0.179288091350432,0.112850824604047,0.132848136817695,1.18459753286613,0.563284032301425,TRUE
"GUSTO-I","height","4","6",2876,1585,1.01425628392045,0.107528081928783,0.0399715961071212,0.0636414490858755,1.14724214889159,0.595473775134585,TRUE
"GUSTO-I","height","4","7",2876,3150,1.93932240545732,0.205600519125494,0.200319910402759,0.143165993332892,1.06576661303138,0.535271674724595,TRUE
"GUSTO-I","height","4","8",2876,2916,1.73106528462218,0.183521790990969,0.110025373849658,0.12821877665024,1.1890005423664,0.484969412440309,TRUE
"GUSTO-I","height","4","9",2876,3123,1.54010184877153,0.163276481890019,0.158361846228191,0.125064297061107,1.07592372188934,0.522529630646506,TRUE
"GUSTO-I","height","5","6",1909,1585,1.32835355686909,0.140827631396379,0.16540736425447,0.0872972620147301,1.03256102821067,0.611806559663424,TRUE
"GUSTO-I","height","5","7",1909,3150,3.16106932076131,0.335126068523371,0.323953844608986,0.250880457648399,1.26250450040806,0.575269238444462,TRUE
"GUSTO-I","height","5","8",1909,2916,0.197449935724289,0.0209329862698287,0.00328895980286054,0.0164639592544449,1.00371688221367,0.482484267001805,FALSE
"GUSTO-I","height","5","9",1909,3123,2.88100384665253,0.305434457317388,0.278085159055993,0.23312646652265,1.27453658650225,0.564030860106676,TRUE
"GUSTO-I","height","6","7",1585,3150,2.25118541885734,0.238663199817809,0.174121142894418,0.163583195633669,1.22269237935103,0.60358084722848,TRUE
"GUSTO-I","height","6","8",1585,2916,1.32320881636397,0.140282203098515,0.162468399139677,0.0908108423881294,1.03639893593096,0.541636514303765,TRUE
"GUSTO-I","height","6","9",1585,3123,2.06963525931044,0.219415855000299,0.129695692071126,0.150380154971106,1.23434504274377,0.622637989638289,TRUE
"GUSTO-I","height","7","8",3150,2916,3.23367372134039,0.342823345885736,0.321529696257358,0.244123064863806,1.26719708093031,0.500509004507153,TRUE
"GUSTO-I","height","7","9",3150,3123,0.418688074653493,0.0443879188206008,0.039714414002525,0.0321632130277664,1.00953033125054,0.544708869676593,FALSE
"GUSTO-I","height","8","9",2916,3123,2.93187887161364,0.310828058460287,0.275607765612157,0.226369073738057,1.27927388887129,0.500246355198191,TRUE
"GUSTO-I","pulse","1","10",2188,1717,1.38201195912688,0.0774795916846203,0.0708473297818164,0.0464906798239777,1.02765825852229,1.34443272937897,TRUE
"GUSTO-I","pulse","1","11",2188,2491,0.410631656045862,0.0230211995150268,0.0114171340912552,0.0134491481949277,1.00950950971156,1.16363328457768,FALSE
"GUSTO-I","pulse","1","12",2188,4352,0.450987253333693,0.0252836511381122,0.00931461990916351,0.0212980730454888,1.00233928831901,1.02268166435907,FALSE
"GUSTO-I","pulse","1","13",2188,2297,3.035075358607,0.17015511187435,0.167386689232042,0.104410689087348,1.00238337074707,1.19588931075347,TRUE
"GUSTO-I","pulse","1","14",2188,3437,0.736262519022214,0.0412770084729014,0.0159456520789012,0.0269393347691192,1.02018306202913,1.07577262359983,FALSE
"GUSTO-I","pulse","1","15",2188,2576,0.549221047611478,0.0307909220557115,0.00030975307653174,0.0167450634176252,1.01988042289031,1.15910893836511,FALSE
"GUSTO-I","pulse","1","16",2188,1231,1.53020871543624,0.0857879309084638,0.0805000234685121,0.0634949217131477,1.00839077693012,1.39704135399201,TRUE
"GUSTO-I","pulse","1","2",2188,2952,1.59424527974713,0.0893780061049394,0.077767585249344,0.0585702749166431,1.01208987780758,1.05008589596865,TRUE
"GUSTO-I","pulse","1","3",2188,2030,1.95235138372313,0.109454471096863,0.0733783292231615,0.0636129897965617,1.0676758414735,1.20473259876983,TRUE
"GUSTO-I","pulse","1","4",2188,2876,1.37352241204395,0.0770036430958771,0.0715023985743449,0.0506174785719553,1.01410112922789,1.03909909405965,TRUE
"GUSTO-I","pulse","1","5",2188,1909,1.33082708387002,0.074610019385235,0.0436868883767532,0.054578859113427,1.0053861840008,1.21357809826062,TRUE
"GUSTO-I","pulse","1","6",2188,1585,2.45839566548827,0.13782477865214,0.130366390163146,0.0692584732322563,1.09656875192508,1.29232739231484,TRUE
"GUSTO-I","pulse","1","7",2188,3150,1.16366472243986,0.0652384134283459,0.0635961773368459,0.0355683236121993,1.04430484695049,1.12877400539741,TRUE
"GUSTO-I","pulse","1","8",2188,2916,2.16736068792742,0.121508515194041,0.116009795739591,0.0762921835777141,1.01958331580385,1.14974066676196,TRUE
"GUSTO-I","pulse","1","9",2188,3123,0.495775724251456,0.0277946224911236,0.0197514172602323,0.0232397363197273,1.00240465507595,1.07139592373854,FALSE
"GUSTO-I","pulse","10","11",1717,2491,1.5837141841088,0.0887876023934078,0.0824315125090946,0.04350361359134,1.03743078471187,1.1502528263075,TRUE
"GUSTO-I","pulse","10","12",1717,4352,1.58622643054747,0.0889284462023151,0.0799537692523256,0.0505287201514268,1.02525988006091,1.11161694179528,TRUE
"GUSTO-I","pulse","10","13",1717,2297,4.36532495729534,0.244732755768342,0.235858704398375,0.126346461376656,1.02521479157857,1.28859152336909,TRUE
"GUSTO-I","pulse","10","14",1717,3437,1.69186432412089,0.0948508123630704,0.0858861023118272,0.0480444320253963,1.00732730896187,1.14326738095775,TRUE
"GUSTO-I","pulse","10","15",1717,2576,1.42232407383961,0.0797396055486533,0.0698598819579136,0.0462664187500226,1.00762622309185,1.24148990095393,TRUE
"GUSTO-I","pulse","10","16",1717,1231,1.3545852697756,0.0759419720727465,0.00884486175881304,0.0496738544691188,1.01910715769419,1.40125308297065,FALSE
"GUSTO-I","pulse","10","2",1717,2952,2.69661151911461,0.151179849098442,0.147947155307904,0.101169873084869,1.04008252129577,1.15510890221016,TRUE
"GUSTO-I","pulse","10","3",1717,2030,2.82617895229106,0.158443774531097,0.140988260864385,0.0700913209257756,1.03894055501365,1.3074011694128,TRUE
"GUSTO-I","pulse","10","4",1717,2876,2.63631580780593,0.147799496951937,0.141835026591859,0.0716479158346989,1.04214940042782,1.16366576402384,TRUE
"GUSTO-I","pulse","10","5",1717,1909,2.35891630638428,0.132247677764175,0.113752092063243,0.0797473147000399,1.02215275570314,1.3050443398267,TRUE
"GUSTO-I","pulse","10","6",1717,1585,1.37012800185196,0.0768133426328828,0.0611403687554372,0.0467060697533847,1.06705584549273,1.41928596756502,FALSE
"GUSTO-I","pulse","10","7",1717,3150,0.654796572094182,0.0367097916246676,0.00657665914984506,0.016561925100073,1.01619856434778,1.16297561268732,FALSE
"GUSTO-I","pulse","10","8",1717,2916,1.31942936486822,0.0739710302588652,0.0428744308507637,0.0558649365299638,1.04778321473737,1.16606999479904,TRUE
"GUSTO-I","pulse","10","9",1717,3123,1.13598471221932,0.0636865919151161,0.0514504867949206,0.0303618427616622,1.03012942216998,1.16192501348796,FALSE
"GUSTO-I","pulse","11","12",2491,4352,0.471217430544077,0.0264178134437397,0.00204517104350852,0.0170235088967342,1.01187104351556,0.981325635338689,FALSE
"GUSTO-I","pulse","11","13",2491,2297,2.83142587149174,0.158737932012577,0.15677161989866,0.0981050283414721,1.0119155451459,1.08065719218704,TRUE
"GUSTO-I","pulse","11","14",2491,3437,0.633995388928219,0.0355436170719712,0.00471798076655818,0.0227750363922866,1.02988450276506,1.02788858628333,FALSE
"GUSTO-I","pulse","11","15",2491,2576,0.565559305424996,0.0317068920919109,0.0116143485304538,0.0201606217164401,1.02957898567641,1.10070448490342,FALSE
"GUSTO-I","pulse","11","16",2491,1231,1.6690806643967,0.093573494434775,0.0922457527841574,0.0654088267723186,1.01798007881638,1.30865652498466,TRUE
"GUSTO-I","pulse","11","2",2491,2952,1.41139620248069,0.0791269574414648,0.0666529887498551,0.064956336034657,1.00255606120715,1.01071523473665,TRUE
"GUSTO-I","pulse","11","3",2491,2030,1.77511217723707,0.0995179280312574,0.0626678235217795,0.0538276712420873,1.07782891525679,1.13016896294641,TRUE
"GUSTO-I","pulse","11","4",2491,2876,1.15001041300839,0.0644729133091181,0.0603471743378104,0.0486452201499809,1.00454836677828,1.0610339223988,TRUE
"GUSTO-I","pulse","11","5",2491,1909,1.24385198974033,0.0697339437945746,0.0325058798743793,0.0565959928240356,1.01494691368143,1.18998309051401,TRUE
"GUSTO-I","pulse","11","6",2491,1585,2.66871551465402,0.14961591832276,0.141799901714988,0.0746070079415232,1.10699658312091,1.34633393149091,TRUE
"GUSTO-I","pulse","11","7",2491,3150,1.3448620748982,0.0753968616169392,0.0750481065782097,0.0365828729457794,1.05423567403439,1.12968037315287,TRUE
"GUSTO-I","pulse","11","8",2491,2916,2.36804925716117,0.132759697426809,0.128096534475638,0.0767356447545871,1.00997891153613,1.02128189603285,TRUE
"GUSTO-I","pulse","11","9",2491,3123,0.57792619552708,0.0324002157561456,0.0312758557515495,0.0161678424010716,1.00708781089516,0.995377467110866,FALSE
"GUSTO-I","pulse","12","13",4352,2297,2.84545068775769,0.159524203817652,0.15788793367095,0.103748655535353,1.00004397954722,1.01913110671048,TRUE
"GUSTO-I","pulse","12","14",4352,3437,0.549040488776977,0.0307807994046882,0.00670606873088442,0.0200894194235739,1.01780212939677,0.880583081469605,FALSE
"GUSTO-I","pulse","12","15",4352,2576,0.534502591797589,0.0299657628093264,0.00953210540575771,0.0205802429667519,1.01750019656589,0.990260350063937,FALSE
"GUSTO-I","pulse","12","16",4352,1231,1.66116981799828,0.0931299894818825,0.0896824214391665,0.0755744671954891,1.00603736547257,1.20524575570734,TRUE
"GUSTO-I","pulse","12","2",4352,2952,1.31402750378607,0.0736681862869168,0.0683053004342191,0.0574734975290929,1.01445744783653,0.885878872001038,TRUE
"GUSTO-I","pulse","12","3",4352,2030,1.63306582331208,0.0915543981719717,0.0642925380762717,0.0629509562445668,1.0651840688237,1.06728610140177,TRUE
"GUSTO-I","pulse","12","4",4352,2876,1.12902321698846,0.0632963103372769,0.0620381968038712,0.0363262394665794,1.01647340415379,0.939841001595353,TRUE
"GUSTO-I","pulse","12","5",4352,1909,1.07082056647305,0.0600333012387553,0.0343464670772856,0.0457324823591039,1.00303978474883,1.05313169237051,TRUE
"GUSTO-I","pulse","12","6",4352,1585,2.63617887711078,0.14779182022072,0.139105111410478,0.0832233484876601,1.09400954816817,1.17388500446511,TRUE
"GUSTO-I","pulse","12","7",4352,3150,1.31323631535947,0.0736238299730417,0.0726361236183319,0.0426598972922503,1.04186761820127,0.928262860352475,TRUE
"GUSTO-I","pulse","12","8",4352,2916,2.40871327311789,0.135039439893419,0.125275845909357,0.0832992919389979,1.02196841514478,0.925265270717339,TRUE
"GUSTO-I","pulse","12","9",4352,3123,0.670516409914108,0.0375910912455521,0.029054046093213,0.0260811036710553,1.00474956857649,0.911356694755229,FALSE
"GUSTO-I","pulse","13","14",2297,3437,2.72811255626971,0.152945888444412,0.149783008531317,0.092197777546683,1.01775736888851,1.08834017603257,TRUE
"GUSTO-I","pulse","13","15",2297,2576,3.01235442124077,0.168881310343038,0.166044453554983,0.102823829083033,1.01745544933591,1.16099038510939,TRUE
"GUSTO-I","pulse","13","16",2297,1231,4.40989041263513,0.247231224222369,0.247092523683282,0.135716172721315,1.00599312235055,1.40928781828592,TRUE
"GUSTO-I","pulse","13","2",2297,2952,1.69335459353723,0.0949343611812375,0.0907131485565165,0.0532482866186955,1.01450206321576,1.03806301343923,TRUE
"GUSTO-I","pulse","13","3",2297,2030,1.83209519377384,0.102712560917804,0.0885373563551182,0.0574980001758558,1.06513722457084,1.2052756754902,TRUE
"GUSTO-I","pulse","13","4",2297,2876,1.79190581171668,0.100459427801782,0.0971356064662426,0.0692670430016052,1.01651810819386,1.08659651156525,TRUE
"GUSTO-I","pulse","13","5",2297,1909,2.21512561194789,0.124186355125536,0.123302440061463,0.0783532760635014,1.00299567345326,1.19355365472034,TRUE
"GUSTO-I","pulse","13","6",2297,1585,5.40411619050496,0.30297039985175,0.289750514242218,0.143756566307171,1.09396143623953,1.30663711685383,TRUE
"GUSTO-I","pulse","13","7",2297,3150,4.11008506609725,0.230423268487097,0.227252740473493,0.122683279087284,1.04182179935026,1.09734575809717,TRUE
"GUSTO-I","pulse","13","8",2297,2916,5.09509749998955,0.285645917378258,0.284866900528093,0.143992312988911,1.02201336085294,1.08382609600522,TRUE
"GUSTO-I","pulse","13","9",2297,3123,3.32949617141126,0.186661195058999,0.187314938678245,0.103808570702489,1.00479375700759,1.03686489261704,TRUE
"GUSTO-I","pulse","14","15",3437,2576,0.466327117936521,0.0261436483603326,0.0160977529517039,0.0128469279326005,1.0002967398256,1.07474759174457,FALSE
"GUSTO-I","pulse","14","16",3437,1231,1.84383259823392,0.103370593794436,0.0955786670841287,0.080543906600579,1.01169416199434,1.28577561950079,TRUE
"GUSTO-I","pulse","14","2",3437,2952,1.18677523333278,0.066534055579473,0.060938301114231,0.0531254410594731,1.03251695059043,0.964832677312807,TRUE
"GUSTO-I","pulse","14","3",3437,2030,1.29444784445136,0.0725704938968046,0.0572635314586814,0.0514000782558968,1.04655319345325,1.0397375919256,TRUE
"GUSTO-I","pulse","14","4",3437,2876,1.02014787939315,0.0571924436914779,0.0547199557151524,0.02873559962496,1.03456879522291,0.931547812947782,TRUE
"GUSTO-I","pulse","14","5",3437,1909,1.09021353151153,0.0611205270060957,0.0273469675936792,0.0372964959482463,1.01471760629278,1.08869774172019,TRUE
"GUSTO-I","pulse","14","6",3437,1585,2.75332588669049,0.154359420746438,0.144385227486193,0.08819278789275,1.07487449335223,1.21626170574625,TRUE
"GUSTO-I","pulse","14","7",3437,3150,1.4282959945689,0.0800744087148799,0.0785880948883576,0.0455196715481848,1.02364456519537,1.01038938997187,TRUE
"GUSTO-I","pulse","14","8",3437,2916,2.60414444121165,0.145995876996842,0.130919200967687,0.0930672345208062,1.04016162911059,0.977755003546095,TRUE
"GUSTO-I","pulse","14","9",3437,3123,0.844215689370845,0.0473291757529563,0.0355170480663808,0.0296956767489762,1.02263625040764,0.955185791993871,FALSE
"GUSTO-I","pulse","15","16",2576,1231,1.64113721107416,0.0920069035385166,0.0794019247700116,0.0783546553577105,1.01139404110297,1.36815160312527,TRUE
"GUSTO-I","pulse","15","2",2576,2952,1.47337524617482,0.0826016820751491,0.0773009053911801,0.0565486710767729,1.0322106525814,1.04106580021545,TRUE
"GUSTO-I","pulse","15","3",2576,2030,1.70190618976226,0.0954137884245344,0.0729990403281771,0.0620261297922468,1.04686374746536,1.15344787427715,TRUE
"GUSTO-I","pulse","15","4",2576,2876,1.30510694632815,0.0731680740086731,0.0710973338691248,0.0369339532995275,1.03426188853048,1.08102183199579,TRUE
"GUSTO-I","pulse","15","5",2576,1909,1.27828706128863,0.0716644736033605,0.0435660337283561,0.0452415251066377,1.01441658849123,1.22355594739205,TRUE
"GUSTO-I","pulse","15","6",2576,1585,2.47205507768874,0.138590564847371,0.128898515187175,0.0860035366498815,1.07519345142193,1.28195843211788,TRUE
"GUSTO-I","pulse","15","7",2576,3150,1.17197377501725,0.0657042429725337,0.0626909565799041,0.0425345065562457,1.02394832130512,1.06828269496204,TRUE
"GUSTO-I","pulse","15","8",2576,2916,2.27868197735348,0.127749508981088,0.114527823860534,0.0860794801012192,1.03985306329394,1.05399338837342,TRUE
"GUSTO-I","pulse","15","9",2576,3123,0.629028416696001,0.0352651542280576,0.0192454894574925,0.0243066121323858,1.02233288352607,1.06331130805703,FALSE
"GUSTO-I","pulse","16","2",1231,2952,2.79592571311578,0.156747690352551,0.158416309815249,0.0934084259607827,1.0205820982055,1.21763398508274,TRUE
"GUSTO-I","pulse","16","3",1231,2030,2.9083467724186,0.163050340422987,0.150935918608168,0.104401884006355,1.05879175603318,1.43141006350718,TRUE
"GUSTO-I","pulse","16","4",1231,2876,2.68334370893774,0.150436017246436,0.152255777723268,0.101403079238359,1.02261022558782,1.33742479569851,TRUE
"GUSTO-I","pulse","16","5",1231,1909,2.28339019199746,0.128013465125441,0.12379029127458,0.0927067858904271,1.00298849633815,1.40433550682793,TRUE
"GUSTO-I","pulse","16","6",1231,1585,1.35691277128441,0.0760724585460051,0.0531301812254941,0.0398901152406164,1.08744424980107,1.53732911869245,FALSE
"GUSTO-I","pulse","16","7",1231,3150,1.01916831070364,0.0571375262346577,0.015409772439273,0.0453189431743453,1.03561523056538,1.35534954160381,FALSE
"GUSTO-I","pulse","16","8",1231,2916,1.14339719567327,0.0641021571984618,0.034244552641927,0.0403772457959057,1.02813841196843,1.30259233908217,FALSE
"GUSTO-I","pulse","16","9",1231,3123,1.39017504102707,0.0779372376900244,0.0609272982363628,0.0586726764268043,1.0108156089304,1.26243473320895,TRUE
"GUSTO-I","pulse","2","3",2952,2030,1.1265509231447,0.0631577063865119,0.00136352744189263,0.0413689641822527,1.08058391193502,1.07986448195763,TRUE
"GUSTO-I","pulse","2","4",2952,2876,0.651321468013013,0.0365149672286178,0.00637993870526958,0.0295219572501706,1.00198722609959,0.9987473191839,FALSE
"GUSTO-I","pulse","2","5",2952,1909,0.762376831468682,0.042741052435846,0.0336087552196707,0.0361060715112128,1.01754118011481,1.07696610052795,FALSE
"GUSTO-I","pulse","2","6",2952,1585,3.83923854222769,0.215238828193346,0.205141082121322,0.100665965650193,1.10982613414347,1.19777005163585,TRUE
"GUSTO-I","pulse","2","7",2952,3150,2.51626403406891,0.141069046937572,0.140005026940163,0.0941385985288424,1.05693036494399,1.01403445605885,TRUE
"GUSTO-I","pulse","2","8",2952,2916,3.58279801933822,0.200862030023365,0.195245481111856,0.107995416373917,1.00740392544238,0.979388738331828,TRUE
"GUSTO-I","pulse","2","9",2952,3123,1.7672715415915,0.0990783592964466,0.0977320665743308,0.077477878525183,1.00966198898079,0.980115713080763,TRUE
"GUSTO-I","pulse","3","4",2030,2876,1.12436196962119,0.0630349873144388,0.00476299405355206,0.0285495043060628,1.08273127648761,1.12713580026994,FALSE
"GUSTO-I","pulse","3","5",2030,1909,1.44895426641241,0.0812325712450765,0.0309520349501398,0.0543670505538969,1.06195595131895,1.25283421542241,TRUE
"GUSTO-I","pulse","3","6",2030,1585,3.80046463924415,0.213065050932343,0.196547942209168,0.108040279094342,1.02706150062524,1.40399146866404,TRUE
"GUSTO-I","pulse","3","7",2030,3150,2.53470169677066,0.142102715690086,0.133442078430655,0.0770005473453749,1.02237947529522,1.1272271483306,TRUE
"GUSTO-I","pulse","3","8",2030,2916,3.79991080297594,0.213034001267658,0.186121100768101,0.117199145870921,1.08858447465322,1.11183081959902,TRUE
"GUSTO-I","pulse","3","9",2030,3123,2.06485948051087,0.115762000740699,0.0925538479182809,0.059107937454355,1.07024323360517,1.13172759235862,TRUE
"GUSTO-I","pulse","4","5",2876,1909,0.85162661895086,0.0477446539216298,0.0273173977723594,0.029928688570573,1.01956326450533,1.14372669974814,FALSE
"GUSTO-I","pulse","4","6",2876,1585,3.71947192692269,0.208524364986281,0.199284415476535,0.11036424581986,1.11203160960325,1.26648762959421,TRUE
"GUSTO-I","pulse","4","7",2876,3150,2.39663730489878,0.134362426152232,0.133935592850296,0.0723401108241164,1.05903072455065,1.00751639181403,TRUE
"GUSTO-I","pulse","4","8",2876,2916,3.37133287926571,0.189006682028619,0.189037148541629,0.110413792971873,1.00540595648497,0.97478748967378,TRUE
"GUSTO-I","pulse","4","9",2876,3123,1.61250838923559,0.090401888898943,0.0914789646751852,0.0507024913190617,1.01166841563705,0.988741245022683,TRUE
"GUSTO-I","pulse","5","6",1909,1585,3.33159746378189,0.186778999593042,0.171688686621606,0.102247530789734,1.09069407295954,1.3884114595813,TRUE
"GUSTO-I","pulse","5","7",1909,3150,2.07901386082633,0.116555536281507,0.10616755082672,0.0796738922563962,1.03871016288966,1.14056978223453,TRUE
"GUSTO-I","pulse","5","8",1909,2916,3.30234949459675,0.185139273760639,0.159797903895227,0.101316520330742,1.02507497914692,1.08674209272229,TRUE
"GUSTO-I","pulse","5","9",1909,3123,1.45675899941075,0.0816701271735368,0.0634372071866884,0.0607991838716013,1.00780379099145,1.09575527184962,TRUE
"GUSTO-I","pulse","6","7",1585,3150,1.43839767663111,0.0806407382580789,0.0670420784702506,0.0454278704120975,1.05004659810515,1.23227299584397,TRUE
"GUSTO-I","pulse","6","8",1585,2916,1.10973201265292,0.0622147895695642,0.021056433899684,0.0219128229760313,1.11804320409467,1.21096155011186,FALSE
"GUSTO-I","pulse","6","9",1585,3123,2.26653232201101,0.127068364126425,0.111688817658491,0.0623110715147916,1.09920562154053,1.19222606064096,TRUE
"GUSTO-I","pulse","7","8",3150,2916,1.45741720556535,0.0817070281162286,0.0492384374151708,0.0493611601019008,1.06475579856382,1.03284146580443,TRUE
"GUSTO-I","pulse","7","9",3150,3123,0.944959516947987,0.0529771664044656,0.0443513739557151,0.0286098531631673,1.04681603990155,1.00782928502813,FALSE
"GUSTO-I","pulse","8","9",2916,3123,1.92396911801331,0.107863279107706,0.0962092631807098,0.0714699382913707,1.0171374510692,0.986712582472534,TRUE
"GUSTO-I","sysbp","1","10",2188,1717,0.689453193625633,0.0288546270936391,0.0213711314282718,0.0127483632329251,1.00806339056179,1.69707404926965,FALSE
"GUSTO-I","sysbp","1","11",2188,2491,2.99641212936957,0.125404241232311,0.124996544532628,0.0609879294894894,1.00649917357833,1.5602789420341,TRUE
"GUSTO-I","sysbp","1","12",2188,4352,2.91122407315303,0.121838996168996,0.122327328286809,0.0763132292450801,1.01483909334909,1.37343642881627,TRUE
"GUSTO-I","sysbp","1","13",2188,2297,1.73064361829554,0.0724299730563285,0.0527579026769075,0.0716205224364663,1.01602254021664,1.58816706315129,TRUE
"GUSTO-I","sysbp","1","14",2188,3437,1.27501464065373,0.0533612322564285,0.0162208776378049,0.0310931049834604,1.05232392068806,1.47548682500735,FALSE
"GUSTO-I","sysbp","1","15",2188,2576,1.28429987963709,0.0537498331227633,0.0473284813659073,0.0332168973622355,1.00757669350866,1.5331899292584,FALSE
"GUSTO-I","sysbp","1","16",2188,1231,7.81698823952228,0.327152419819311,0.330716476224749,0.186486885856982,1.10047163966812,1.78182748898429,TRUE
"GUSTO-I","sysbp","1","2",2188,2952,3.94283304350411,0.165013344219223,0.161670160976528,0.0961143066640904,1.00994278872704,1.48741305123289,TRUE
"GUSTO-I","sysbp","1","3",2188,2030,1.91608820165525,0.0801911007860305,0.00865173267794963,0.0549873470159671,1.05191901594107,1.70804061112562,TRUE
"GUSTO-I","sysbp","1","4",2188,2876,1.19573829180789,0.0500434008148729,0.0480985200700133,0.0282766283661291,1.01474608471895,1.53631627692331,FALSE
"GUSTO-I","sysbp","1","5",2188,1909,2.34135213455363,0.0979890199393651,0.0576474296490355,0.0570886199595297,1.03392277218663,1.69321537401494,TRUE
"GUSTO-I","sysbp","1","6",2188,1585,1.86181783055266,0.0779198061791207,0.00623035929432937,0.056163242002549,1.00112588706107,1.72311483918592,TRUE
"GUSTO-I","sysbp","1","7",2188,3150,1.62395200371435,0.0679647725449355,0.0639017437551147,0.0377803894257277,1.01848819656448,1.41361369374075,TRUE
"GUSTO-I","sysbp","1","8",2188,2916,3.61076629476657,0.151115863877401,0.146361714140499,0.107030366408117,1.04438180621878,1.42559722190875,TRUE
"GUSTO-I","sysbp","1","9",2188,3123,3.33608946654561,0.139620235859637,0.13808397219385,0.0632884753737822,1.02383572599637,1.44594024636462,TRUE
"GUSTO-I","sysbp","10","11",1717,2491,2.69164683016109,0.112649366585205,0.104059922637913,0.0558130411005537,1.0015541165105,1.62265231127926,TRUE
"GUSTO-I","sysbp","10","12",1717,4352,2.51546347189866,0.105275834705493,0.101295591508518,0.0711383408561445,1.00672150466998,1.5533773023442,TRUE
"GUSTO-I","sysbp","10","13",1717,2297,2.02421963367173,0.0847165597682848,0.0745143814785049,0.0821590238616168,1.00789548527342,1.65378183135735,TRUE
"GUSTO-I","sysbp","10","14",1717,3437,1.36440944065311,0.057102535715374,0.00453270134161078,0.0262208732982012,1.06080921945809,1.65117403215445,FALSE
"GUSTO-I","sysbp","10","15",1717,2576,1.29777150851731,0.0543136405447558,0.0260673017818484,0.0291537945354637,1.0004830372281,1.63236129524991,FALSE
"GUSTO-I","sysbp","10","16",1717,1231,8.16234463318268,0.341606091287669,0.354545504172785,0.191077233589465,1.09166908546775,1.97645734086478,TRUE
"GUSTO-I","sysbp","10","2",1717,2952,4.38624278496716,0.183570692068062,0.183801929156184,0.100704654396573,1.0018643650616,1.50862304935659,TRUE
"GUSTO-I","sysbp","10","3",1717,2030,1.99622637720162,0.0835450009386937,0.0295041328774637,0.0655258484411176,1.06040104980598,1.67404879056436,TRUE
"GUSTO-I","sysbp","10","4",1717,2876,1.69458669461808,0.0709209379304113,0.069822346436248,0.037233611686457,1.00662924000586,1.55709862230189,TRUE
"GUSTO-I","sysbp","10","5",1717,1909,2.73131593503232,0.114309576790598,0.0788796557523951,0.0676271213846803,1.04225969530951,1.80889533164946,TRUE
"GUSTO-I","sysbp","10","6",1717,1585,1.768015888618,0.0739940573680224,0.0276143062126506,0.0613130156957057,1.00919835608997,1.87258506051013,FALSE
"GUSTO-I","sysbp","10","7",1717,3150,1.4796170877592,0.0619241446749325,0.0425949832693553,0.0335589021086983,1.01034141910151,1.54016968503573,FALSE
"GUSTO-I","sysbp","10","8",1717,2916,3.99841754327938,0.167339637037983,0.168807602206366,0.110950728333545,1.03602790855915,1.5193324661079,TRUE
"GUSTO-I","sysbp","10","9",1717,3123,2.87542498952387,0.12034075202717,0.117027068898506,0.0622314647128385,1.01564617422103,1.54008097622782,TRUE
"GUSTO-I","sysbp","11","12",2491,4352,0.625117057436184,0.0261620654584832,0.00319095906474135,0.0156086728398707,1.00828606718186,1.27469029591087,FALSE
"GUSTO-I","sysbp","11","13",2491,2297,4.28783096727671,0.179452013197155,0.178923710830748,0.129718706979432,1.00946187228794,1.53231080736975,TRUE
"GUSTO-I","sysbp","11","14",2491,3437,2.59651218053891,0.108667842003244,0.10547945321245,0.0501325283093621,1.05916315650925,1.45609189299109,TRUE
"GUSTO-I","sysbp","11","15",2491,2576,1.86266662469362,0.0779553294585009,0.077987768662197,0.0448240996780958,1.00107056216102,1.43936303456418,TRUE
"GUSTO-I","sysbp","11","16",2491,1231,10.6137852564928,0.444202475903477,0.462754945325611,0.237887100303579,1.09336566641748,1.83134235318634,TRUE
"GUSTO-I","sysbp","11","2",2491,2952,6.8331540972977,0.285977518378076,0.287815533602715,0.147514521110687,1.00342137901262,1.39656329860669,TRUE
"GUSTO-I","sysbp","11","3",2491,2030,3.66360572939429,0.153327271694665,0.130453160490486,0.113085531558932,1.05875562021602,1.62235896518105,TRUE
"GUSTO-I","sysbp","11","4",2491,2876,4.11817885137538,0.172351823386971,0.174170350469965,0.0847932948042717,1.00819365912771,1.4483024632767,TRUE
"GUSTO-I","sysbp","11","5",2491,1909,4.48678311591714,0.187778452339904,0.180709030186219,0.115186804502495,1.04064241574967,1.66660009559821,TRUE
"GUSTO-I","sysbp","11","6",2491,1585,3.65475104698682,0.152956690252354,0.131176227273879,0.10887269881352,1.00763237797485,1.68795644129592,TRUE
"GUSTO-I","sysbp","11","7",2491,3150,1.50463892234266,0.0629713451415917,0.0620314416807035,0.037294769105287,1.01191160738218,1.3686325119637,TRUE
"GUSTO-I","sysbp","11","8",2491,2916,6.44427194415671,0.269702230053938,0.27455364500524,0.158254627495747,1.03763801663718,1.36981893389591,TRUE
"GUSTO-I","sysbp","11","9",2491,3123,0.856289944472533,0.0358369897481454,0.0120715077503046,0.0195271019217052,1.01722460670921,1.40798512171837,FALSE
"GUSTO-I","sysbp","12","13",4352,2297,4.16619953856053,0.174361559558067,0.176461317718014,0.118555172667674,1.00116614237203,1.30538239015404,TRUE
"GUSTO-I","sysbp","12","14",4352,3437,2.52176981090298,0.105539764239765,0.102791407050176,0.0556661851349501,1.06793945358064,1.18421895123248,TRUE
"GUSTO-I","sysbp","12","15",4352,2576,1.77913060604676,0.0744592245898489,0.0751165408126584,0.0601493994336865,1.00720778863507,1.34187208850931,TRUE
"GUSTO-I","sysbp","12","16",4352,1231,10.5819692786233,0.442870930578092,0.461499862910168,0.233424896664596,1.08438041742797,1.68584078172038,TRUE
"GUSTO-I","sysbp","12","2",4352,2952,6.79058626753547,0.284195992285615,0.285808207082221,0.143052317471704,1.0048481009783,1.25614877874422,TRUE
"GUSTO-I","sysbp","12","3",4352,2030,3.67756198384526,0.153911361407397,0.127861574719422,0.101921997247175,1.0675285404143,1.48985781974428,TRUE
"GUSTO-I","sysbp","12","4",4352,2876,4.04366543861982,0.169233327804653,0.17168930681897,0.0836339534075105,1.00009165704755,1.21911985217418,TRUE
"GUSTO-I","sysbp","12","5",4352,1909,4.3104902426201,0.180400337095413,0.178297005669636,0.104023270190737,1.04926524871887,1.45142137644247,TRUE
"GUSTO-I","sysbp","12","6",4352,1585,3.44667653437558,0.144248466801367,0.12853349423118,0.0977091645017629,1.01598168755337,1.51890488727037,TRUE
"GUSTO-I","sysbp","12","7",4352,3150,1.41213600023343,0.0590999622149313,0.059079940793119,0.0526200688608777,1.00359574561061,1.20751509249533,TRUE
"GUSTO-I","sysbp","12","8",4352,2916,6.40365749566288,0.268002455831789,0.272476264144039,0.146136553901396,1.02911073594159,1.2199475636448,TRUE
"GUSTO-I","sysbp","12","9",4352,3123,0.665711864416755,0.0278610176545023,0.0153403803288465,0.0154985219952534,1.00886508285524,1.17561153844343,FALSE
"GUSTO-I","sysbp","13","14",2297,3437,2.51887187865312,0.105418481525891,0.0677180019896784,0.0955241489037896,1.06918482302822,1.43953123383031,TRUE
"GUSTO-I","sysbp","13","15",2297,2576,2.6140156820806,0.109400389208026,0.100665797692683,0.0884954585646414,1.00838233631484,1.49579118692488,TRUE
"GUSTO-I","sysbp","13","16",2297,1231,6.58211519493339,0.275471172217539,0.278327218179787,0.149992201886613,1.08311734839413,1.78941035653116,TRUE
"GUSTO-I","sysbp","13","2",2297,2952,2.7781588569042,0.116270021756385,0.109940311837322,0.0578732953198056,1.00601989692631,1.43066090535198,TRUE
"GUSTO-I","sysbp","13","3",2297,2030,1.85663223180375,0.0777027812678716,0.0426691705643107,0.0337690412210401,1.06877343067864,1.65992920729759,TRUE
"GUSTO-I","sysbp","13","4",2297,2876,1.09851045355767,0.0459742732196006,0.00466390428911678,0.0449254121751598,1.00125790630475,1.48661280693267,FALSE
"GUSTO-I","sysbp","13","5",2297,1909,1.75090656202444,0.0732780069627958,0.00623133591445928,0.0294166007407571,1.0504888413849,1.69171224087355,TRUE
"GUSTO-I","sysbp","13","6",2297,1585,1.29733694614701,0.054295453472363,0.0464481185873834,0.0345690236476325,1.01716646684843,1.70307817493398,FALSE
"GUSTO-I","sysbp","13","7",2297,3150,2.85748712952022,0.119590026283858,0.117663606293447,0.100169026542557,1.00242677327544,1.39300018657877,TRUE
"GUSTO-I","sysbp","13","8",2297,2916,2.39993195036408,0.100440671126207,0.0936620531132415,0.054859233699589,1.02791204415218,1.42021200343025,TRUE
"GUSTO-I","sysbp","13","9",2297,3123,4.51877980314018,0.189117560616707,0.192588619854571,0.114598375611676,1.00768997287999,1.40399762683119,TRUE
"GUSTO-I","sysbp","14","15",3437,2576,1.17318645557931,0.0490995734011068,0.0298191473216736,0.0237417932726973,1.06029705650695,1.40658253848781,FALSE
"GUSTO-I","sysbp","14","16",3437,1231,8.56084961593705,0.358284109141015,0.338335757129691,0.203428688660009,1.15805263046157,1.743534355311,TRUE
"GUSTO-I","sysbp","14","2",3437,2952,4.56338443512454,0.190984329868713,0.173754336042443,0.113056109467117,1.06278695510387,1.3046970369871,TRUE
"GUSTO-I","sysbp","14","3",3437,2030,2.08031161899411,0.0870640916013129,0.0242650920352831,0.0788909734832904,1.00038492007546,1.5138682491748,TRUE
"GUSTO-I","sysbp","14","4",3437,2876,1.9929102344081,0.083406215500348,0.0631726310971338,0.0524149574114308,1.06784157837431,1.36202875684434,TRUE
"GUSTO-I","sysbp","14","5",3437,1909,3.02529204495557,0.126612908046004,0.0721689258821849,0.080992246426853,1.01779741098314,1.56840356073317,TRUE
"GUSTO-I","sysbp","14","6",3437,1585,2.51430315301383,0.105227273658796,0.022281931855213,0.0746781407378785,1.05114045525012,1.61233934112814,TRUE
"GUSTO-I","sysbp","14","7",3437,3150,1.37846636278408,0.0576908385181219,0.0458621790261357,0.0285804803931077,1.07177949218325,1.30021944201985,TRUE
"GUSTO-I","sysbp","14","8",3437,2916,4.36305218407127,0.182600131416352,0.158977325856092,0.122168761397094,1.09902795701542,1.34356011578988,TRUE
"GUSTO-I","sysbp","14","9",3437,3123,2.87814455543081,0.120454569848056,0.118038225429555,0.0589491036264955,1.07740682532101,1.30433316833975,TRUE
"GUSTO-I","sysbp","15","16",2576,1231,8.93622912998068,0.373994292220102,0.381635452690382,0.219703783219218,1.0921964022768,1.72514397412092,TRUE
"GUSTO-I","sysbp","15","2",2576,2952,5.05887049941928,0.211721148187206,0.209849015870837,0.129331204026326,1.00234830284743,1.40159440278409,TRUE
"GUSTO-I","sysbp","15","3",2576,2030,2.45715624330692,0.102835591693447,0.0547900512897037,0.0741995073891625,1.05988908392079,1.51144463482544,TRUE
"GUSTO-I","sysbp","15","4",2576,2876,2.28119789821958,0.095471476945048,0.0959586087983271,0.0585510629843036,1.00711547940368,1.47209212674608,TRUE
"GUSTO-I","sysbp","15","5",2576,1909,2.93285096909377,0.122744113475483,0.104384087356682,0.0805255182219561,1.04175648814312,1.64871707326199,TRUE
"GUSTO-I","sysbp","15","6",2576,1585,2.457413004291,0.102846337517117,0.0535554466134479,0.0777658855340243,1.00871111107093,1.71086279316966,TRUE
"GUSTO-I","sysbp","15","7",2576,3150,0.52506728778468,0.0219748358962887,0.0163836081221009,0.013167701863354,1.01082945162003,1.3159595410628,FALSE
"GUSTO-I","sysbp","15","8",2576,2916,4.72425267745316,0.197716901690147,0.195289584064471,0.131975862450903,1.03652834860833,1.38949807870903,TRUE
"GUSTO-I","sysbp","15","9",2576,3123,2.15469316511636,0.0901770683716709,0.0907296138008557,0.0462402770070982,1.01613676913376,1.3427091040129,TRUE
"GUSTO-I","sysbp","16","2",1231,2952,4.27902822082648,0.179083605350807,0.163215630257547,0.0925958030904436,1.08963760319056,1.69996273987923,TRUE
"GUSTO-I","sysbp","16","3",1231,2030,7.58708367181154,0.317530576553154,0.312436945807319,0.156112416114097,1.15760704427074,1.82907074227769,TRUE
"GUSTO-I","sysbp","16","4",1231,2876,6.80834328525154,0.284939149514024,0.282984187187968,0.161152720234914,1.08447980853546,1.66687166488342,TRUE
"GUSTO-I","sysbp","16","5",1231,1909,7.5547700639027,0.316178204680951,0.264399062149282,0.145783430405123,1.13780268839843,1.94011644359375,TRUE
"GUSTO-I","sysbp","16","6",1231,1585,7.52586981423633,0.314968686856179,0.323992035852116,0.154889846166462,1.1017106464483,1.85650790437361,TRUE
"GUSTO-I","sysbp","16","7",1231,3150,9.23512565600299,0.386503550104026,0.400964195724614,0.22426727528271,1.08049523144222,1.7253443322631,TRUE
"GUSTO-I","sysbp","16","8",1231,2916,4.28226212643428,0.179218949042347,0.1850125622514,0.098206316253974,1.05370625293868,1.65652735015305,TRUE
"GUSTO-I","sysbp","16","9",1231,3123,10.9586269737409,0.458634607409311,0.479651393859838,0.233178121081164,1.07485176745241,1.71497535514525,TRUE
"GUSTO-I","sysbp","2","3",2952,2030,3.64741412685063,0.152649629386579,0.148797411960692,0.0695742720974007,1.06237802447452,1.50218602734057,TRUE
"GUSTO-I","sysbp","2","4",2952,2876,2.88845637760967,0.120886134726394,0.114521505686946,0.0707801410420223,1.0047560080091,1.33248819310168,TRUE
"GUSTO-I","sysbp","2","5",2952,1909,3.61393222234999,0.151248362588944,0.101003088075463,0.0584311441595295,1.04420284787056,1.54349711500651,TRUE
"GUSTO-I","sysbp","2","6",2952,1585,3.77363707864208,0.157932244998885,0.155317207861399,0.0789160746497055,1.01107987024529,1.62576981440161,TRUE
"GUSTO-I","sysbp","2","7",2952,3150,5.43582655826558,0.227497311977963,0.227381795045822,0.133894696089818,1.00846127912673,1.34563869531552,TRUE
"GUSTO-I","sysbp","2","8",2952,2916,0.952507611495868,0.0398638401963657,0.0180609148098379,0.0218976881126836,1.03409996870729,1.32169903643481,FALSE
"GUSTO-I","sysbp","2","9",2952,3123,7.19490327468116,0.301117251881868,0.302363464562574,0.142805541888272,1.0137561626504,1.2971403161438,TRUE
"GUSTO-I","sysbp","3","4",2030,2876,1.86564159307193,0.0780798362473088,0.0381375641442793,0.0420223079400097,1.06743070286761,1.48517834019608,TRUE
"GUSTO-I","sysbp","3","5",2030,1909,2.66969191824053,0.111730521328995,0.0477048101492713,0.0451741427048954,1.01740579106926,1.76995219687918,TRUE
"GUSTO-I","sysbp","3","6",2030,1585,1.40636975338379,0.0588586363292664,0.00257616532236256,0.0276095165576292,1.05073600586746,1.78172406023217,FALSE
"GUSTO-I","sysbp","3","7",2030,3150,2.70870279146141,0.11336318357466,0.0709626813257834,0.083535851122058,1.07136710147771,1.52740120415982,TRUE
"GUSTO-I","sysbp","3","8",2030,2916,3.35280970625798,0.140320002408371,0.133628694980895,0.0675289045659416,1.09860508186441,1.50382444066033,TRUE
"GUSTO-I","sysbp","3","9",2030,3123,3.91032700337083,0.163652918776266,0.143214773296984,0.0979652001911765,1.07699226937541,1.52772281452248,TRUE
"GUSTO-I","sysbp","4","5",2876,1909,1.66241764542599,0.0695746160524698,0.0107754386460451,0.038712387191628,1.04916908497815,1.57131149317594,TRUE
"GUSTO-I","sysbp","4","6",2876,1585,1.67144934912229,0.0699526060952841,0.0417953150546522,0.0552250102008134,1.01588857420601,1.68841991593652,FALSE
"GUSTO-I","sysbp","4","7",2876,3150,2.66630792326203,0.111588896177217,0.112919899528933,0.0631145550477957,1.00368773223359,1.29596131090359,TRUE
"GUSTO-I","sysbp","4","8",2876,2916,2.60054354565765,0.108836560544625,0.0983291117266957,0.0889090166764921,1.02920506119325,1.33550598968618,TRUE
"GUSTO-I","sysbp","4","9",2876,3123,4.40392504888804,0.18431072074053,0.187784890659282,0.0779360543181573,1.00895755245011,1.33779044457716,TRUE
"GUSTO-I","sysbp","5","6",1909,1585,2.23903673946919,0.0937069706307314,0.051490358280376,0.0409628639368887,1.03276000106424,1.8085059646073,TRUE
"GUSTO-I","sysbp","5","7",1909,3150,3.18598934038431,0.13333832548902,0.120963288945068,0.0856371240656207,1.05303813963132,1.55078623396277,TRUE
"GUSTO-I","sysbp","5","8",1909,2916,3.37205702394477,0.141125530875771,0.0849541238186662,0.0673290765495332,1.079810132307,1.56141065424697,TRUE
"GUSTO-I","sysbp","5","9",1909,3123,4.66587277984678,0.195273617373284,0.194008213704026,0.101055099569644,1.05856707208588,1.49827560670783,TRUE
"GUSTO-I","sysbp","6","7",1585,3150,2.63498172349908,0.110277848783749,0.070152219935022,0.0823293775975165,1.01963489924685,1.63797836863452,TRUE
"GUSTO-I","sysbp","6","8",1585,2916,3.36945147624549,0.14101648488406,0.139911812152024,0.0586807043051931,1.04555766218122,1.56598015733925,TRUE
"GUSTO-I","sysbp","6","9",1585,3123,3.65281785389968,0.152875783287029,0.144307648627766,0.103851045110511,1.02498844939293,1.57640974513909,TRUE
"GUSTO-I","sysbp","7","8",3150,2916,5.07155986674505,0.212252216816121,0.213054424336459,0.137838526357045,1.02542357362769,1.2731855771115,TRUE
"GUSTO-I","sysbp","7","9",3150,3123,1.77585197383468,0.0743220090243377,0.0747091511021296,0.0415250903435341,1.00525045793356,1.30666524861626,TRUE
"GUSTO-I","sysbp","8","9",2916,3123,6.80376477982946,0.284747532348679,0.289271514781019,0.160267509477671,1.02006775081267,1.30556321477844,TRUE
"GUSTO-I","weight","1","10",2188,1717,0.780864545213527,0.0496301980843726,0.00848572358736904,0.0235056681278408,1.03711093876674,1.1761084352198,FALSE
"GUSTO-I","weight","1","11",2188,2491,0.683033619384448,0.0434122589329067,0.0159268046383497,0.0170287624112252,1.05443237406,1.05187363081132,FALSE
"GUSTO-I","weight","1","12",2188,4352,2.08385381660662,0.132445605746874,0.11752175556624,0.0665494945693085,1.05088090978756,0.999441268466367,TRUE
"GUSTO-I","weight","1","13",2188,2297,5.84598586185463,0.371559239180143,0.346159219575925,0.186606964493071,1.46920213229863,0.993284078509527,TRUE
"GUSTO-I","weight","1","14",2188,3437,1.79235638196867,0.113918608317106,0.0991309947773324,0.0544859707697554,1.07352975182048,0.991702561090488,TRUE
"GUSTO-I","weight","1","15",2188,2576,1.50102578150726,0.0954022145359212,0.0772798281162849,0.0499896385706338,1.05009644812196,1.05100486348462,TRUE
"GUSTO-I","weight","1","16",2188,1231,8.17124801554005,0.519348278896302,0.528311869328269,0.248570223521847,1.39695958811539,1.24247214144948,TRUE
"GUSTO-I","weight","1","2",2188,2952,6.85143199169652,0.435463396300728,0.426379740186684,0.20379453337495,1.24335122250711,1.02418481815074,TRUE
"GUSTO-I","weight","1","3",2188,2030,7.99279698489747,0.508006286160891,0.505881639566766,0.253738709125458,1.33345909704516,1.06289358885457,TRUE
"GUSTO-I","weight","1","4",2188,2876,5.05831193283379,0.321496250198475,0.305034098232735,0.145734223594114,1.15323695378526,1.0111785837785,TRUE
"GUSTO-I","weight","1","5",2188,1909,8.95369944925557,0.569079336459024,0.586140231524236,0.270732879854207,1.43338908392038,1.12192625162441,TRUE
"GUSTO-I","weight","1","6",2188,1585,6.2223109706515,0.39547771493653,0.395570950545285,0.193659132982312,1.43273319414354,1.15259793885778,TRUE
"GUSTO-I","weight","1","7",2188,3150,0.732918429529034,0.0465828382914562,0.0176374793441493,0.0188465221554801,1.04789493651026,1.02528168944604,FALSE
"GUSTO-I","weight","1","8",2188,2916,7.21360833377219,0.458482604572982,0.463564541938793,0.23272470113827,1.40552538942456,0.914863828890845,TRUE
"GUSTO-I","weight","1","9",2188,3123,1.12093426081541,0.0712443531273606,0.056384378601161,0.0386722090803562,1.04388607926815,1.04156894269737,TRUE
"GUSTO-I","weight","10","11",1717,2491,0.522747026160807,0.0332247617277631,0.00751401161658948,0.0192436510517654,1.01670162240681,1.16240034654751,FALSE
"GUSTO-I","weight","10","12",1717,4352,1.88456269110367,0.119779058013599,0.11104960635156,0.0561503530867793,1.01327724017374,1.02818930410964,TRUE
"GUSTO-I","weight","10","13",1717,2297,5.35946372531693,0.340636859419393,0.344797168052751,0.171975347551401,1.41662967516832,1.01285874893413,TRUE
"GUSTO-I","weight","10","14",1717,3437,1.54955019454092,0.0984863297586582,0.092258131802976,0.0401719680431306,1.0351156387349,1.0292884662082,TRUE
"GUSTO-I","weight","10","15",1717,2576,1.24428432156332,0.0790842377605711,0.0700464609557133,0.0373826133983511,1.01252084889844,1.14043966618072,TRUE
"GUSTO-I","weight","10","16",1717,1231,7.98785547308016,0.507692213493829,0.531216939310226,0.235648957928717,1.34697218580739,1.29123002308354,TRUE
"GUSTO-I","weight","10","2",1717,2952,6.69861537265635,0.425750675803892,0.426392250306756,0.191098342258903,1.19886038805609,1.05040061977862,TRUE
"GUSTO-I","weight","10","3",1717,2030,7.7702762293036,0.49386330932105,0.508009108765385,0.24217087312904,1.28574393268942,1.12519493703934,TRUE
"GUSTO-I","weight","10","4",1717,2876,4.90561927562305,0.311791408469074,0.302253343007673,0.12990584217548,1.11197067804203,1.10245133444253,TRUE
"GUSTO-I","weight","10","5",1717,1909,8.79382351263198,0.558917939770967,0.590602189219911,0.258641209389481,1.38209812503267,1.11656168417816,TRUE
"GUSTO-I","weight","10","6",1717,1585,5.93845798831136,0.377436583697143,0.395360503787333,0.178816768297724,1.38146570495847,1.1736852480943,TRUE
"GUSTO-I","weight","10","7",1717,3150,0.367932736130756,0.0233850732343101,0.00928190682483558,0.0109968475839181,1.0103981139726,1.12558459383754,FALSE
"GUSTO-I","weight","10","8",1717,2916,6.98631944893836,0.444036574917999,0.464937160230863,0.221156865141852,1.35523147706446,0.941003734541938,TRUE
"GUSTO-I","weight","10","9",1717,3123,0.84192760011719,0.0535112444567328,0.0487742444777359,0.036481169730806,1.00653270566163,1.13171365492203,FALSE
"GUSTO-I","weight","11","12",2491,4352,1.82906023264635,0.116251432096541,0.104413444894266,0.0671063807648712,1.00337951164529,0.877857153399296,TRUE
"GUSTO-I","weight","11","13",2491,2297,5.47896054878975,0.348231839951884,0.33990320577711,0.180552994699071,1.39335833045566,0.923620231789601,TRUE
"GUSTO-I","weight","11","14",2491,3437,1.51401827492561,0.0962279915876711,0.0854008664527738,0.048310665559237,1.01811152448493,0.972475952708189,TRUE
"GUSTO-I","weight","11","15",2491,2576,1.24670051315169,0.0792378060943824,0.0630700249102431,0.049008885403602,1.00412907399677,1.01406869388183,TRUE
"GUSTO-I","weight","11","16",2491,1231,7.88052371151906,0.500870420111515,0.528333279381619,0.248004106415916,1.32484512281857,1.18338899974922,TRUE
"GUSTO-I","weight","11","2",2491,2952,6.57105255070014,0.417643036443525,0.422376470712176,0.203386799524358,1.17916639615274,0.925907485103554,TRUE
"GUSTO-I","weight","11","3",2491,2030,7.70584510147862,0.489768194929759,0.504840860335446,0.254976437341919,1.26462268216481,1.01051257037651,TRUE
"GUSTO-I","weight","11","4",2491,2876,4.77648294639562,0.303583760114782,0.297105027865365,0.137502938255048,1.09370404604026,0.94520386325403,TRUE
"GUSTO-I","weight","11","5",2491,1909,8.66989777131671,0.551041466025386,0.588389601357594,0.27144677360236,1.35939403908972,1.00971625457724,TRUE
"GUSTO-I","weight","11","6",2491,1585,5.90290770432864,0.375177078323474,0.391025920642533,0.191622332510603,1.35877200794483,1.0469334652066,TRUE
"GUSTO-I","weight","11","7",2491,3150,0.344458004371293,0.0218930659529691,0.00180583581114634,0.0187311782735308,1.0062386383615,0.931506884466619,FALSE
"GUSTO-I","weight","11","8",2491,2916,6.89475268717727,0.438216773581129,0.461349122286932,0.23396242935473,1.33296873654657,0.893185585391358,TRUE
"GUSTO-I","weight","11","9",2491,3123,0.851294670419659,0.054106596822814,0.0416402996399472,0.0428847083570659,1.01010291735975,0.955529419197616,FALSE
"GUSTO-I","weight","12","13",4352,2297,4.1883359589074,0.266202306864417,0.219246234811151,0.135756817556147,1.39806720115949,0.812682664628896,TRUE
"GUSTO-I","weight","12","14",4352,3437,0.503830176100481,0.0320224443458546,0.0200889700019853,0.0198997527982679,1.02155224423812,0.829790297037858,FALSE
"GUSTO-I","weight","12","15",4352,2576,0.784691981412129,0.0498734623199641,0.0412348469136713,0.0281230019181586,1.00074703772878,0.915106376450036,FALSE
"GUSTO-I","weight","12","16",4352,1231,6.12497422214723,0.389291184713372,0.409394093959623,0.188580579215846,1.32932245233933,1.15805329053077,TRUE
"GUSTO-I","weight","12","2",4352,2952,4.81767613930735,0.306201917561511,0.308960148023025,0.145579268292683,1.18315140272027,0.863991925339749,TRUE
"GUSTO-I","weight","12","3",4352,2030,5.92198934638511,0.37638986955704,0.388011490895496,0.194627010286873,1.26889648924608,0.915210439455956,TRUE
"GUSTO-I","weight","12","4",4352,2876,3.02393544061401,0.192195324825497,0.18759775312741,0.0832520529943549,1.09740023160035,0.871027384017324,TRUE
"GUSTO-I","weight","12","5",4352,1909,6.91420805905848,0.439453318339358,0.468214938033651,0.211621181015623,1.36398812707536,0.943079766917735,TRUE
"GUSTO-I","weight","12","6",4352,1585,4.32179188798942,0.274684500397821,0.271302658133134,0.133970095333086,1.36336399376897,0.990885967074133,TRUE
"GUSTO-I","weight","12","7",4352,3150,1.74465428046218,0.110886757580227,0.102286541716411,0.0551174428104575,1.00284949680856,0.815119016981793,TRUE
"GUSTO-I","weight","12","8",4352,2916,5.22045304683087,0.331801617057071,0.342290027764509,0.173613002299685,1.33747351991454,0.755311768740418,TRUE
"GUSTO-I","weight","12","9",4352,3123,1.11529101419026,0.0708856795910067,0.0623184029471949,0.0366887749336046,1.00670076041661,0.853622433063042,TRUE
"GUSTO-I","weight","13","14",2297,3437,4.23615183382355,0.269241388813025,0.245525606856317,0.139940915457019,1.36857141574993,0.890497807477818,TRUE
"GUSTO-I","weight","13","15",2297,2576,4.44911111441605,0.282776657310612,0.266562809588873,0.15137182714694,1.39911161010612,0.928427818691407,TRUE
"GUSTO-I","weight","13","16",2297,1231,2.8920846496702,0.183815150681039,0.23384643321885,0.11090119666559,1.051714126019,0.912649744112247,TRUE
"GUSTO-I","weight","13","2",2297,2952,2.22247097073713,0.141255836483509,0.121901896204886,0.0850565955594254,1.18164691175203,0.791853715462492,TRUE
"GUSTO-I","weight","13","3",2297,2030,2.78613078528215,0.177080933703694,0.210906746606003,0.119187803324533,1.10179767460005,0.837798170026873,TRUE
"GUSTO-I","weight","13","4",2297,2876,2.53382738142452,0.161045030950046,0.0136005595371072,0.0673697263710361,1.27398114279662,0.84129296512413,TRUE
"GUSTO-I","weight","13","5",2297,1909,3.7024915774852,0.235323003871387,0.303641855523653,0.136131510957992,1.02498487590006,0.817572994178072,TRUE
"GUSTO-I","weight","13","6",2297,1585,0.847001039622384,0.0538337021853559,0.0652997592207687,0.0397844397231885,1.02545410290218,0.836040138762808,TRUE
"GUSTO-I","weight","13","7",2297,3150,5.35193960376198,0.340158641211803,0.336435126245695,0.175195804050832,1.40205098918735,0.928078378284996,TRUE
"GUSTO-I","weight","13","8",2297,2916,1.91722178328863,0.12185480498448,0.152532392499502,0.0932768213803057,1.04530458386109,0.734220356903769,TRUE
"GUSTO-I","weight","13","9",2297,3123,4.79697256483592,0.304886039528157,0.289882424687749,0.166527613806924,1.40743531452077,0.94567709681606,TRUE
"GUSTO-I","weight","14","15",3437,2576,0.477789180402524,0.0303673304304821,0.0215904534588816,0.0177029702344056,1.02231538230649,0.945839608290849,FALSE
"GUSTO-I","weight","14","16",3437,1231,6.44887045382511,0.409877385272087,0.437734121190052,0.205722974076489,1.30127701234776,1.11623910320786,TRUE
"GUSTO-I","weight","14","2",3437,2952,5.15691915374929,0.327763529122309,0.334529062357978,0.160490257070159,1.15818981299647,0.854992969167034,TRUE
"GUSTO-I","weight","14","3",3437,2030,6.25886157735796,0.397800798833814,0.415476076514581,0.210876566372037,1.24212588871793,0.979595497276093,TRUE
"GUSTO-I","weight","14","4",3437,2876,3.36411999540305,0.213816778818913,0.210794600595469,0.0933412795306577,1.07424778105088,0.875205884037046,TRUE
"GUSTO-I","weight","14","5",3437,1909,7.24665066764128,0.460582709623396,0.497690400864638,0.227870737100786,1.33521132645803,0.973907960592162,TRUE
"GUSTO-I","weight","14","6",3437,1585,4.47975892335128,0.284724571116702,0.2980438778018,0.147522461540721,1.33460036083203,1.00026711909458,TRUE
"GUSTO-I","weight","14","7",3437,3150,1.40635321501309,0.089385014424759,0.0833082724974849,0.0418795461157987,1.02446315409786,0.880384162544856,TRUE
"GUSTO-I","weight","14","8",3437,2916,5.45875372619357,0.346947534480146,0.369789700281204,0.189862558384848,1.30925611240963,0.84386997804494,TRUE
"GUSTO-I","weight","14","9",3437,3123,0.789706999910842,0.0501922069255601,0.0429543797468909,0.0326018369533633,1.02839742107981,0.901907299228387,FALSE
"GUSTO-I","weight","15","16",2576,1231,6.81716475521088,0.433285438875191,0.455795266262873,0.209352657285144,1.33031550636494,1.23706507390598,TRUE
"GUSTO-I","weight","15","2",2576,2952,5.51035217727954,0.3502270294501,0.353360497809537,0.155456244003434,1.18403526145696,0.948226820641653,TRUE
"GUSTO-I","weight","15","3",2576,2030,6.61932801456415,0.420711328951966,0.433629975403486,0.205967551938317,1.26984440279746,1.02659366298993,TRUE
"GUSTO-I","weight","15","4",2576,2876,3.71597975103447,0.236180285366814,0.230622996237786,0.0995435560086041,1.09822003097692,0.958565527302413,TRUE
"GUSTO-I","weight","15","5",2576,1909,7.60643380977325,0.483449810865066,0.515011893657686,0.222961722667066,1.36500707766789,1.02538211853626,TRUE
"GUSTO-I","weight","15","6",2576,1585,4.85975988008699,0.308876676460257,0.318187778869637,0.149585104923879,1.36438247811037,1.03209752361032,TRUE
"GUSTO-I","weight","15","7",2576,3150,1.11925845410628,0.0711378421845411,0.0610722682442221,0.0400810904071773,1.00210088963597,0.981049240855763,TRUE
"GUSTO-I","weight","15","8",2576,2916,5.85239383908868,0.371966517473665,0.388825035940297,0.187330662270276,1.33847266309515,0.923408275928907,TRUE
"GUSTO-I","weight","15","9",2576,3123,0.606516394094704,0.038548976214701,0.0211982563585567,0.0206451383543854,1.00594927835244,0.966468075593225,FALSE
"GUSTO-I","weight","16","2",1231,2952,1.47353339871742,0.0936548533424401,0.0952428178414903,0.0671725127080678,1.12354382480804,1.04171856665764,TRUE
"GUSTO-I","weight","16","3",1231,2030,0.681304678402357,0.0433023708813319,0.016775254410634,0.0381567310809027,1.04762087656902,1.0079520574806,FALSE
"GUSTO-I","weight","16","4",1231,2876,3.1529603520098,0.200395891683915,0.218760952698015,0.118557851244338,1.21133786385371,1.06718836043607,TRUE
"GUSTO-I","weight","16","5",1231,1909,0.935956534079666,0.059487536563764,0.064991302956644,0.0562847582893294,1.02607770197142,0.956359797257762,FALSE
"GUSTO-I","weight","16","6",1231,1585,2.13133637600679,0.135463502823938,0.167361756593091,0.0827041696243468,1.02560818962302,1.03750344543048,TRUE
"GUSTO-I","weight","16","7",1231,3150,7.84531780846647,0.498632802905112,0.524202844621923,0.241488014648047,1.33311035242483,1.16188588578134,TRUE
"GUSTO-I","weight","16","8",1231,2916,1.06209707164817,0.0675047783560424,0.0800593243875829,0.0419607108989424,1.0061317459589,0.931737312499791,TRUE
"GUSTO-I","weight","16","9",1231,3123,7.19207051895829,0.457113703881984,0.478011141269063,0.220105644216685,1.33822992360887,1.18979685715348,TRUE
"GUSTO-I","weight","2","3",2952,2030,1.39281699307141,0.0885246790690333,0.0774390234926865,0.0647589677867222,1.07247177861486,0.898130446753974,TRUE
"GUSTO-I","weight","2","4",2952,2876,1.79578414577609,0.114136470170088,0.121275602915015,0.0756470707961601,1.07814028888519,0.86629347727761,TRUE
"GUSTO-I","weight","2","5",2952,1909,2.22721034367232,0.141557061605089,0.157332987191869,0.0789753215761596,1.15284326582322,0.8696072075506,TRUE
"GUSTO-I","weight","2","6",2952,1585,1.54890981252084,0.0984456283505825,0.0608305874130692,0.0595425867507887,1.15231574812349,0.913488966470895,TRUE
"GUSTO-I","weight","2","7",2952,3150,6.54091773132017,0.415727727233711,0.418900565997864,0.194881920247774,1.18652278886637,0.948670683313975,TRUE
"GUSTO-I","weight","2","8",2952,2916,1.30803932885008,0.0831363792746247,0.0202519653876312,0.039282846532169,1.13043311011545,0.776737219378366,TRUE
"GUSTO-I","weight","2","9",2952,3123,5.87613780136361,0.373475636511321,0.375028203515763,0.168343837617051,1.19107941680647,0.906308666815055,TRUE
"GUSTO-I","weight","3","4",2030,2876,3.03284525579451,0.192761614965079,0.199392111584365,0.123796049521434,1.15627503321703,0.934730636420316,TRUE
"GUSTO-I","weight","3","5",2030,1909,1.04298763699045,0.0662902206799941,0.0804043345449945,0.037410296572884,1.07494042156723,0.876562365977079,TRUE
"GUSTO-I","weight","3","6",2030,1585,2.07468306630822,0.131862731089954,0.14635333792831,0.0829093564979565,1.07444855062923,0.981310282668489,TRUE
"GUSTO-I","weight","3","7",2030,3150,7.64931472359058,0.486175236497255,0.500906360717599,0.24488232074439,1.27251220574258,0.957479036672139,TRUE
"GUSTO-I","weight","3","8",2030,2916,0.982320001081176,0.0624343063527983,0.061341106155819,0.0473690256576591,1.05404462164538,0.805425615087813,TRUE
"GUSTO-I","weight","3","9",2030,3123,6.99902277556158,0.444843973103133,0.455577843132865,0.218017127020406,1.27739906061399,0.95874343146116,TRUE
"GUSTO-I","weight","4","5",2876,1909,3.92885797893151,0.249710402316216,0.279391552282712,0.140215150983082,1.24292677165398,0.924393156164597,TRUE
"GUSTO-I","weight","4","6",2876,1585,2.2842837493364,0.145184533803463,0.0706595032982595,0.0653492626895925,1.24235803356881,0.959236215739526,TRUE
"GUSTO-I","weight","4","7",2876,3150,4.74684873170409,0.301700268343731,0.29421322641698,0.130559639711239,1.10052727005801,0.939672773031327,TRUE
"GUSTO-I","weight","4","8",2876,2916,2.68498767530731,0.17065247871276,0.147263723760887,0.101854713622601,1.21876547990525,0.832307999030815,TRUE
"GUSTO-I","weight","4","9",2876,3123,4.08337445005137,0.25953116203182,0.252034478650866,0.115913628393938,1.10475364763343,0.896827058608191,TRUE
"GUSTO-I","weight","5","6",1909,1585,2.92211556416311,0.185723855902801,0.23538610447275,0.109925258570973,1.00045778919587,0.926218382789146,TRUE
"GUSTO-I","weight","5","7",1909,3150,8.64007017718909,0.549145683441828,0.583959507708479,0.261352657004831,1.36787480689038,1.012261725993,TRUE
"GUSTO-I","weight","5","8",1909,2916,1.82966182137748,0.116289667880294,0.146284206872927,0.0601513227718533,1.01982439784117,0.814479462850507,TRUE
"GUSTO-I","weight","5","9",1909,3123,7.97252665173495,0.50671794408382,0.537185681936854,0.234487463280848,1.37312788472599,0.998016328774144,TRUE
"GUSTO-I","weight","6","7",1585,3150,5.82661519202844,0.37032807791614,0.387393244042202,0.181528215913074,1.36724889511813,1.01627776275599,TRUE
"GUSTO-I","weight","6","8",1585,2916,1.19115667718191,0.0757075503048942,0.086814248001494,0.0588633147693786,1.01935774687793,0.845239512880095,TRUE
"GUSTO-I","weight","6","9",1585,3123,5.19533450304094,0.330205132351078,0.341117966431954,0.164740891583863,1.37249956925184,1.0484030359872,TRUE
"GUSTO-I","weight","7","8",3150,2916,6.83852518126592,0.434643065089336,0.457471627565643,0.223868312757202,1.34128464644107,0.873140564373898,TRUE
"GUSTO-I","weight","7","9",3150,3123,0.74521842550661,0.0473646015826006,0.0397151180069009,0.0335474132015919,1.00384032062667,0.918697799734688,FALSE
"GUSTO-I","weight","8","9",2916,3123,6.20600048228397,0.394441052722199,0.411340631595849,0.198693089503208,1.34643560953504,0.841005413835226,TRUE
"IST-3","age","AUSTRALIA","ITALY",179,326,1.65180397230695,0.134909945149884,0.0907773194551674,0.0816910580251568,1.07201383731017,2.38492488346986,FALSE
"IST-3","age","AUSTRALIA","NORWAY",179,204,2.54942436192354,0.208222468644704,0.12100978786422,0.11219739292365,1.26722846206354,2.43393591165516,TRUE
"IST-3","age","AUSTRALIA","POLAND",179,347,1.31486030299615,0.107390304376872,0.0754135282436419,0.110894659733067,1.00086124997229,2.36772643407982,FALSE
"IST-3","age","AUSTRALIA","SWEDEN",179,297,6.29999958617836,0.514548101872267,0.52662974919243,0.337433929612701,1.21524326739791,2.26470287323891,TRUE
"IST-3","age","AUSTRALIA","UK",179,1447,3.30760047179099,0.27014597719113,0.261803872083108,0.149023408091486,1.07176928755444,2.04265295911788,TRUE
"IST-3","age","ITALY","NORWAY",326,204,1.6080813785637,0.131338932594759,0.0245597730095413,0.0828822326476603,1.18210084418611,2.13515428696018,FALSE
"IST-3","age","ITALY","POLAND",326,347,2.17247029755485,0.177435006572567,0.168808903656098,0.0919626597832429,1.07109135990613,2.0147913186648,TRUE
"IST-3","age","ITALY","SWEDEN",326,297,5.30710577141559,0.43345418737936,0.448480548293568,0.295800541199314,1.13360781839078,2.02586643066658,TRUE
"IST-3","age","ITALY","UK",326,1447,2.33186191655255,0.190453206635555,0.177300259917616,0.141547352042093,1.00022817387899,1.58605837580185,TRUE
"IST-3","age","NORWAY","POLAND",204,347,2.86892563711364,0.234317513961137,0.20480501263474,0.102220715375487,1.26613800074549,2.235269301294,TRUE
"IST-3","age","NORWAY","SWEDEN",204,297,5.13603267973856,0.419481911127635,0.462989037187761,0.290057437116261,1.04277760351386,2.08289325113884,TRUE
"IST-3","age","NORWAY","UK",204,1447,2.53968229060802,0.207426791718835,0.166870778549876,0.175291678523517,1.18237056872109,1.82593391110072,TRUE
"IST-3","age","POLAND","SWEDEN",347,297,7.28760884541864,0.595210403953755,0.609260092252286,0.35026538196567,1.2141975398004,2.05647246722751,TRUE
"IST-3","age","POLAND","UK",347,1447,4.29235699619007,0.350575284130696,0.339905857724258,0.208319309153988,1.07084702058763,1.49773274607705,TRUE
"IST-3","age","SWEDEN","UK",297,1447,3.07579259305797,0.251213229280671,0.260391083021128,0.195900493067045,1.13386647808396,1.57381613555504,TRUE
"IST-3","nihss","AUSTRALIA","ITALY",179,326,3.28260273503102,0.471345355421985,0.464146727258438,0.195822051615999,1.14311848235691,1.35790605614011,TRUE
"IST-3","nihss","AUSTRALIA","NORWAY",179,204,2.54439149961661,0.365346407264276,0.35307250893002,0.183371672691423,1.09576450306938,1.6221218096177,TRUE
"IST-3","nihss","AUSTRALIA","POLAND",179,347,4.85468420459485,0.697078823293747,0.696227971603948,0.272696536956837,1.18183763680372,1.40135478885258,TRUE
"IST-3","nihss","AUSTRALIA","SWEDEN",179,297,4.40223463687151,0.63211208210596,0.625131174085406,0.261215507025563,1.15453831941566,1.3616199236311,TRUE
"IST-3","nihss","AUSTRALIA","UK",179,1447,1.27438391123225,0.182987399350397,0.176398073345389,0.0891808519263512,1.08976663047267,1.10929470721547,TRUE
"IST-3","nihss","ITALY","NORWAY",326,204,0.747473836160231,0.107328954921574,0.109703063065881,0.0633044628894503,1.04321547116638,1.2314011187297,FALSE
"IST-3","nihss","ITALY","POLAND",326,347,1.57784515832464,0.226561069670333,0.242665076722751,0.134624564629338,1.03387151467184,0.999563745336893,TRUE
"IST-3","nihss","ITALY","SWEDEN",326,297,1.15140154097209,0.165328494603166,0.170860819146644,0.0935634463241825,1.00999007297582,1.06570923963562,TRUE
"IST-3","nihss","ITALY","UK",326,1447,2.00821882379876,0.288357956071588,0.297579915525906,0.135166475169697,1.04895713485106,0.83295542713717,TRUE
"IST-3","nihss","NORWAY","POLAND",204,347,2.31029270497824,0.331732416029472,0.348748566709337,0.197929027518788,1.07855075930389,1.20101076453636,TRUE
"IST-3","nihss","NORWAY","SWEDEN",204,297,1.8578431372549,0.266765674841684,0.277398253864317,0.132749059219647,1.05363726985283,1.23539562289562,TRUE
"IST-3","nihss","NORWAY","UK",204,1447,1.34847283764923,0.19362574768971,0.184355695943036,0.096599455262409,1.00550381377901,1.08696762741033,TRUE
"IST-3","nihss","POLAND","SWEDEN",347,297,0.6010246557797,0.0863004764398279,0.0701975763300569,0.0654770568315237,1.02364522418093,1.052063866329,FALSE
"IST-3","nihss","POLAND","UK",347,1447,3.5803002933626,0.51409142394335,0.538864794942179,0.235339338669492,1.08448690183431,0.867255715392474,TRUE
"IST-3","nihss","SWEDEN","UK",297,1447,3.12785072563925,0.449124682755563,0.465675468832764,0.204789195805091,1.05943629317673,0.900653854834919,TRUE
"IST-3","sbp","AUSTRALIA","ITALY",179,326,2.90591904582377,0.121899501840461,0.0917070904201649,0.113239880727971,1.00498699433917,4.19854937107996,FALSE
"IST-3","sbp","AUSTRALIA","NORWAY",179,204,10.2573940190601,0.43028425822864,0.436780186981727,0.190710921240004,1.10872687150067,5.10379011939972,TRUE
"IST-3","sbp","AUSTRALIA","POLAND",179,347,3.44911693204321,0.144685942442137,0.143364519057257,0.110057475890715,1.03885511292866,4.0685878962536,FALSE
"IST-3","sbp","AUSTRALIA","SWEDEN",179,297,10.805861219269,0.453291739657754,0.480145570796912,0.220059063634483,1.00271841032862,4.44703835374226,TRUE
"IST-3","sbp","AUSTRALIA","UK",179,1447,4.95703690548351,0.207941212351264,0.19265689425653,0.0957673939145912,1.11686857911073,4.10696683178064,TRUE
"IST-3","sbp","ITALY","NORWAY",326,204,8.22034764826176,0.344832828264303,0.350912230542744,0.195116083243113,1.11425608613254,4.45928365211115,TRUE
"IST-3","sbp","ITALY","POLAND",326,347,2.06195081416524,0.0864961387783682,0.0502876143736606,0.0691907851699934,1.033700056598,3.49483478014886,FALSE
"IST-3","sbp","ITALY","SWEDEN",326,297,8.72960690752102,0.366195587870619,0.389509490290461,0.219774431430873,1.00226243378718,3.75585145937907,TRUE
"IST-3","sbp","ITALY","UK",326,1447,3.32723086902879,0.139572981575555,0.106593948286992,0.0978775634801854,1.12243839639235,3.15506590746245,TRUE
"IST-3","sbp","NORWAY","POLAND",204,347,7.13379386336667,0.299253318645159,0.308626942965695,0.158374300728937,1.15180657929987,4.24502034243092,TRUE
"IST-3","sbp","NORWAY","SWEDEN",204,297,3.40171321053674,0.142697418348416,0.0174098579619945,0.0779362249950486,1.11174084607978,4.34338978015449,FALSE
"IST-3","sbp","NORWAY","UK",204,1447,5.71314213314904,0.239658837356632,0.230868457057198,0.105742780871851,1.00734329420467,4.07427402197921,TRUE
"IST-3","sbp","POLAND","SWEDEN",347,297,7.67920317488041,0.322132525644481,0.345665923830223,0.166904394570101,1.03603873453186,3.7478420128276,TRUE
"IST-3","sbp","POLAND","UK",347,1447,2.99993826041756,0.125843484877045,0.0609214867525266,0.0851826993740403,1.16026463387854,3.11269535100944,FALSE
"IST-3","sbp","SWEDEN","UK",297,1447,6.67740989717493,0.280108608400495,0.259990759160598,0.150216749387447,1.11990468619189,3.33007743875056,TRUE
"IST-3","treatdelay","AUSTRALIA","ITALY",179,326,0.399494179205082,0.314709035272351,0.353329434261148,0.193954141961134,1.01887004229605,0.217463755697981,TRUE
"IST-3","treatdelay","AUSTRALIA","NORWAY",179,204,0.47555546427137,0.37462773970108,0.194105173727762,0.193422061562055,1.61572098324526,0.360822721546718,TRUE
"IST-3","treatdelay","AUSTRALIA","POLAND",179,347,0.0875213991703291,0.0689466243372746,0.0657408498600427,0.068793972276335,1.04062561682443,0.205017548661311,FALSE
"IST-3","treatdelay","AUSTRALIA","SWEDEN",179,297,0.851022641059885,0.670409053007494,0.708307314576617,0.31977126949194,1.1524139384804,0.25173325433102,TRUE
"IST-3","treatdelay","AUSTRALIA","UK",179,1447,0.562675489904625,0.443258174503659,0.476704990631799,0.225791755626165,1.09539234220018,0.200591289497696,TRUE
"IST-3","treatdelay","ITALY","NORWAY",326,204,0.157086791771923,0.12374806759623,0.0667822908690525,0.0556357512330086,1.64620970653771,0.287518369822366,FALSE
"IST-3","treatdelay","ITALY","POLAND",326,347,0.337459704272084,0.265840213707448,0.279770130080631,0.185401601810435,1.06026226622826,0.181641104294478,TRUE
"IST-3","treatdelay","ITALY","SWEDEN",326,297,0.460383487223978,0.362675730114208,0.386897398582119,0.203238933300283,1.17416003824209,0.19290137227765,TRUE
"IST-3","treatdelay","ITALY","UK",326,1447,0.174713037198463,0.137633473147564,0.144122071234034,0.0845052806525878,1.11606244202827,0.15134042225435,TRUE
"IST-3","treatdelay","NORWAY","POLAND",204,347,0.412440667909815,0.324907874661046,0.142545535882097,0.166949200429451,1.55264386838351,0.28559058974214,TRUE
"IST-3","treatdelay","NORWAY","SWEDEN",204,297,0.559628144186967,0.440857570738033,0.358715920368844,0.211378490790256,1.40203179542915,0.327298351158645,TRUE
"IST-3","treatdelay","NORWAY","UK",204,1447,0.265881686699098,0.209453287364929,0.173265915332581,0.092120953426291,1.47501577380024,0.224780950332217,TRUE
"IST-3","treatdelay","POLAND","SWEDEN",347,297,0.776662882426571,0.611830757951631,0.634918379361384,0.291852239979041,1.1074241493277,0.206460174915987,TRUE
"IST-3","treatdelay","POLAND","UK",347,1447,0.488413770715123,0.384757111859147,0.405172192389969,0.202125434915526,1.05262865385044,0.153772806303014,TRUE
"IST-3","treatdelay","SWEDEN","UK",297,1447,0.296581843932685,0.233637912244612,0.235028913208671,0.139129139820225,1.05205586535842,0.162102686234223,TRUE
"IST-3","weight","AUSTRALIA","ITALY",179,326,4.35082427939816,0.291315175015107,0.293329255073498,0.133187099427631,1.23816085911812,2.96219453679268,TRUE
"IST-3","weight","AUSTRALIA","NORWAY",179,204,2.68758900208128,0.179951064495367,0.01831328718387,0.0745700514842809,1.27271939582935,3.23419733815314,FALSE
"IST-3","weight","AUSTRALIA","POLAND",179,347,1.74567320850708,0.116883850874752,0.0064746647744522,0.058506270828973,1.12480753053725,2.99862186659797,FALSE
"IST-3","weight","AUSTRALIA","SWEDEN",179,297,1.92270940315633,0.128737542661953,0.0778081887352041,0.0756541203468578,1.10460559520268,3.10663619434569,FALSE
"IST-3","weight","AUSTRALIA","UK",179,1447,3.00848219973515,0.201436891555389,0.179754447795887,0.107566029504311,1.03570815648727,2.69809025029632,TRUE
"IST-3","weight","ITALY","NORWAY",326,204,4.29826777336702,0.287796184872218,0.313954697080979,0.182274750390954,1.02791118492943,2.47087994707085,TRUE
"IST-3","weight","ITALY","POLAND",326,347,4.39750004420007,0.294440412376823,0.321128329575113,0.185764042361344,1.10077575541011,2.18003615565496,TRUE
"IST-3","weight","ITALY","SWEDEN",326,297,3.10212554997831,0.207706905514413,0.224276953124921,0.134690462911322,1.12090764748565,2.43163330647993,TRUE
"IST-3","weight","ITALY","UK",326,1447,2.28072042431771,0.152708642524756,0.101036650906341,0.0817388207461174,1.19547273173699,2.04545516215059,TRUE
"IST-3","weight","NORWAY","POLAND",204,347,1.16485845058485,0.0779946331105084,0.0269311567430583,0.0527066734474769,1.13149971108519,2.51067483189241,FALSE
"IST-3","weight","NORWAY","SWEDEN",204,297,2.39958407605466,0.160667315016461,0.0681283018059837,0.108981976629035,1.15219350812343,2.73314022578728,FALSE
"IST-3","weight","NORWAY","UK",204,1447,3.95332466089407,0.264700064062161,0.182015482596538,0.126075585728417,1.22883979223059,2.39969798907815,TRUE
"IST-3","weight","POLAND","SWEDEN",347,297,1.74566025286486,0.116882983412649,0.0895461522218839,0.0990791682434334,1.01828882220252,2.47725380607225,FALSE
"IST-3","weight","POLAND","UK",347,1447,3.19040487224885,0.213617763909507,0.196977473222513,0.111716778627748,1.08602749094124,1.98890838443446,TRUE
"IST-3","weight","SWEDEN","UK",297,1447,1.95207313866609,0.130703630281172,0.10948588537359,0.0724289660018755,1.06652205863578,2.09963665682394,FALSE
"IST-1","AGE","ARGE","AUSL",545,597,2.5054938300063,0.216738635788379,0.189068278584718,0.102211362623515,1.005076058385,1.38950839826042,TRUE
"IST-1","AGE","ARGE","AUST",545,230,3.35321100917431,0.290070712182591,0.307774780117096,0.148982848025529,1.05855376957428,1.82179696848823,TRUE
"IST-1","AGE","ARGE","BELG",545,305,4.32007820724921,0.373709903382978,0.387923827607407,0.161919085576778,1.0550235268755,1.68354489396902,TRUE
"IST-1","AGE","ARGE","CANA",545,117,2.80219556182859,0.242404924733522,0.113622745893896,0.138790872735827,1.20794426102069,2.60359209597742,TRUE
"IST-1","AGE","ARGE","CZEC",545,466,1.52254203252353,0.131708040589661,0.134677845437221,0.0815293144859628,1.01428116735961,1.49782395558531,TRUE
"IST-1","AGE","ARGE","GREE",545,152,2.71541525832931,0.234897963683177,0.225578738730112,0.173454852728151,1.2288424972297,2.03892684693385,TRUE
"IST-1","AGE","ARGE","HONG",545,115,1.54032708416434,0.13324654281381,0.105574078668297,0.112325488631831,1.04217932193025,2.42147985640207,FALSE
"IST-1","AGE","ARGE","HUNG",545,105,2.12319790301442,0.183667990516239,0.18230747597882,0.118392311052862,1.05723713185602,2.41709916994321,FALSE
"IST-1","AGE","ARGE","INDI",545,229,12.5731581266776,1.08764552013318,0.984683526986207,0.389367413164537,1.27165080024515,2.2399439125035,TRUE
"IST-1","AGE","ARGE","ISRA",545,114,0.81797843231933,0.0707595155102669,0.00159781526950067,0.0540318686624819,1.02670821536654,2.35278448414614,FALSE
"IST-1","AGE","ARGE","ITAL",545,3437,3.42500473797023,0.296281254252594,0.307650013223758,0.153398125632285,1.04625961877464,1.04640141151474,TRUE
"IST-1","AGE","ARGE","NETH",545,728,1.65264139530195,0.142962332285706,0.026952797348466,0.0810414356285917,1.14831096216452,1.45044119870955,TRUE
"IST-1","AGE","ARGE","NEW",545,453,2.62998157036677,0.22750749208927,0.205560689535765,0.137144824513437,1.0676509409092,1.55811632946514,TRUE
"IST-1","AGE","ARGE","NORW",545,526,3.28013046359926,0.283748853568967,0.303097017147774,0.154002860431855,1.10447688754961,1.47532162416716,TRUE
"IST-1","AGE","ARGE","POLA",545,759,1.17919038812537,0.102006284348511,0.0105079323971497,0.0477281792798346,1.10313835832387,1.42202850201255,FALSE
"IST-1","AGE","ARGE","PORT",545,415,3.286326959213,0.284284883628154,0.279800839989728,0.111241295457058,1.10197884925494,1.60188349729192,TRUE
"IST-1","AGE","ARGE","SING",545,140,4.74508519003932,0.410475283743237,0.413171282571229,0.184731323722149,1.05146997789868,2.23963630406291,TRUE
"IST-1","AGE","ARGE","SPAI",545,478,2.14229396184408,0.185319901884013,0.18368078446812,0.091531994933016,1.03893859864744,1.4359876780162,TRUE
"IST-1","AGE","ARGE","SWED",545,636,6.04086896312965,0.522567520368546,0.573361717047202,0.271675033177543,1.1473639016124,1.33423807050949,TRUE
"IST-1","AGE","ARGE","SWIT",545,1631,5.01531789468947,0.433851860069163,0.430526561435035,0.239120481046693,1.02976394381636,1.21382778618397,TRUE
"IST-1","AGE","ARGE","TURK",545,286,2.59364855328158,0.224364491510777,0.230632152674067,0.142715083082055,1.01491383280381,1.71338647590941,TRUE
"IST-1","AGE","ARGE","UK",545,6257,4.41691815258654,0.382087077332027,0.392507750434039,0.194745847953045,1.00471801202157,1.08237342983198,TRUE
"IST-1","AGE","ARGE","USA",545,131,4.42218642762098,0.382542811339531,0.374161974605265,0.168401148539814,1.11455103933157,2.43650675817634,TRUE
"IST-1","AGE","AUSL","AUST",597,230,1.30637972471051,0.113008843192658,0.112610880128296,0.068436384822664,1.0639270503123,1.85113647949894,FALSE
"IST-1","AGE","AUSL","BELG",597,305,2.10612076777329,0.182190726852283,0.192853336799103,0.0804843891589093,1.06037888789547,1.65590493450861,TRUE
"IST-1","AGE","AUSL","CANA",597,117,1.81222351071597,0.156767039995153,0.0571996092797117,0.0759781815058197,1.20184363257212,2.51597732250999,FALSE
"IST-1","AGE","AUSL","CZEC",597,466,3.78547961553116,0.327464261874826,0.322071099680617,0.147971617745379,1.00915861928838,1.52327265799671,TRUE
"IST-1","AGE","AUSL","GREE",597,152,1.90140394957242,0.164481625609083,0.0176076204882262,0.0748809838667019,1.2350801734916,2.03499570219519,FALSE
"IST-1","AGE","AUSL","HONG",597,115,1.28159638773578,0.11086495180412,0.0876165339735545,0.0747796955793459,1.047469485016,2.44839632947345,FALSE
"IST-1","AGE","AUSL","HUNG",597,105,4.34381430964346,0.375763203371288,0.365633691756062,0.189471165350562,1.05189763803034,2.47208183776023,TRUE
"IST-1","AGE","AUSL","INDI",597,229,14.6889542325894,1.27067321555582,1.1481544811046,0.486734984968511,1.26522842687995,2.21687842414401,TRUE
"IST-1","AGE","AUSL","ISRA",597,114,2.30313849951512,0.19923381588026,0.188166832893255,0.106056598783391,1.02152290545683,2.45241999471039,FALSE
"IST-1","AGE","AUSL","ITAL",597,3437,1.24671120123944,0.107847196326183,0.113564048289695,0.0553236554219064,1.05157049368541,1.04427347190808,TRUE
"IST-1","AGE","AUSL","NETH",597,728,1.8835247666906,0.162934980528417,0.148765080416839,0.0928520809174075,1.14251150704921,1.38571209987667,TRUE
"IST-1","AGE","AUSL","NEW",597,453,1.04064472472739,0.0900213424102588,0.022258926624351,0.0400013311591068,1.06225885295163,1.49952910246597,FALSE
"IST-1","AGE","AUSL","NORW",597,526,1.18061473399953,0.102129497895461,0.104092152042094,0.0773257924604009,1.11008327671569,1.36237317767545,FALSE
"IST-1","AGE","AUSL","POLA",597,759,2.24595970630491,0.194287544016411,0.169141123852704,0.0965565641117312,1.09756704392744,1.40975198787084,TRUE
"IST-1","AGE","AUSL","PORT",597,415,5.40400395552057,0.467475286144125,0.458888239559391,0.197231135597667,1.09641339086879,1.56765716130855,TRUE
"IST-1","AGE","AUSL","SING",597,140,7.00035893754487,0.60556854220976,0.5964664015657,0.271344819334769,1.04615961063507,2.36080641301747,TRUE
"IST-1","AGE","AUSL","SPAI",597,478,0.655933082427479,0.0567417248253375,0.00942777879316369,0.0332625470448477,1.0442123116326,1.4644652831802,FALSE
"IST-1","AGE","AUSL","SWED",597,636,3.88731392813122,0.336273475342068,0.370211251115629,0.179885275433773,1.15318798776583,1.29889502544167,TRUE
"IST-1","AGE","AUSL","SWIT",597,1631,2.76680870118013,0.239343771754445,0.243177510771652,0.140412875741881,1.02456320118801,1.13917713439464,TRUE
"IST-1","AGE","AUSL","TURK",597,286,4.72502371999859,0.408739859134937,0.417726907609613,0.210838575160183,1.00978808950501,1.75980953719647,TRUE
"IST-1","AGE","AUSL","UK",597,6257,2.26192279387455,0.195668436589914,0.201997697419734,0.0976152939863132,1.00981801931105,1.02485338364081,TRUE
"IST-1","AGE","AUSL","USA",597,131,6.62129988364213,0.572777903796611,0.551928620352344,0.260194100272354,1.10892208607823,2.43626273862953,TRUE
"IST-1","AGE","AUST","BELG",230,305,1.16486101211689,0.100766716575251,0.0830207742130048,0.0877405559515324,1.00334612699039,1.98291161796151,FALSE
"IST-1","AGE","AUST","CANA",230,117,2.39661835748792,0.207320324275559,0.159906613627019,0.10527684875511,1.27867395093907,2.76827759197324,FALSE
"IST-1","AGE","AUST","CZEC",230,466,4.8558872924053,0.420060259056956,0.443858797472821,0.188654599738757,1.07367115311671,1.93377589102444,TRUE
"IST-1","AGE","AUST","GREE",230,152,1.78358123569794,0.154289329797293,0.106314670872106,0.0950800915331808,1.16086922795042,2.15171338672769,FALSE
"IST-1","AGE","AUST","HONG",230,115,2.18695652173913,0.189183452528816,0.20577307822608,0.108695652173913,1.01571173722167,2.49239130434783,FALSE
"IST-1","AGE","AUST","HUNG",230,105,5.43581780538302,0.470227354553069,0.485746279951231,0.23871635610766,1.11914235126009,2.71968944099379,TRUE
"IST-1","AGE","AUST","INDI",230,229,15.9149610784128,1.37672937424542,1.27283425620536,0.520694892728308,1.34611074818165,2.86655591418265,TRUE
"IST-1","AGE","AUST","ISRA",230,114,3.35987795575896,0.29064743877051,0.305106693391372,0.151792524790236,1.08682585162913,2.58172387490465,TRUE
"IST-1","AGE","AUST","ITAL",230,3437,0.854806390810995,0.0739453311713394,0.00162279438810446,0.0514579195709099,1.01175057373812,1.50961410987843,FALSE
"IST-1","AGE","AUST","NETH",230,728,3.02336359292881,0.261537144005657,0.257136310330167,0.123268036311515,1.21554889764272,1.87375537505972,TRUE
"IST-1","AGE","AUST","NEW",230,453,1.42671081677704,0.123418127153002,0.0860635980470621,0.0857663883290143,1.13016592808895,1.96729004702946,FALSE
"IST-1","AGE","AUST","NORW",230,526,1.00082658290627,0.0865768598756853,0.0110958631591124,0.060588527029261,1.0433828864393,1.70971317573153,FALSE
"IST-1","AGE","AUST","POLA",230,759,3.2262187088274,0.279085198028382,0.280748037683119,0.146640316205534,1.16773126756571,1.95698287220026,TRUE
"IST-1","AGE","AUST","PORT",230,415,6.62812991094814,0.573368737740392,0.578552481611575,0.256731272917758,1.16650386486994,2.09586956521739,TRUE
"IST-1","AGE","AUST","SING",230,140,8.07391304347826,0.698436722357876,0.723679635722919,0.317080745341615,1.11303750869883,2.53498447204969,TRUE
"IST-1","AGE","AUST","SPAI",230,478,1.37169365108241,0.118658847646987,0.124901881832601,0.0823903947607786,1.01888000980267,1.81509277787884,FALSE
"IST-1","AGE","AUST","SWED",230,636,2.72441892261416,0.235676828867687,0.262328341479059,0.192302433688816,1.08389761067484,1.58406412359858,TRUE
"IST-1","AGE","AUST","SWIT",230,1631,1.98513848532509,0.17172511143613,0.139248463829225,0.149801402180577,1.09006050449848,1.74492615893157,TRUE
"IST-1","AGE","AUST","TURK",230,286,5.93545150501672,0.513448345623016,0.542356612218726,0.243478260869565,1.07434086350755,2.14647917300091,TRUE
"IST-1","AGE","AUST","UK",230,6257,1.33728276504228,0.115682121698878,0.0950235443918024,0.108906198970197,1.05358295253848,1.58601729541175,FALSE
"IST-1","AGE","AUST","USA",230,131,7.76398937935612,0.671626665451769,0.673260737083336,0.294059077331563,1.17981220406736,2.68491868569532,TRUE
"IST-1","AGE","BELG","CANA",305,117,2.92332912988651,0.252883627165204,0.232061468351888,0.117892671991033,1.27440961453107,2.561210592686,TRUE
"IST-1","AGE","BELG","CZEC",305,466,5.76749454724548,0.498919169193787,0.523199651777633,0.225005276859213,1.07009049443113,1.74848624498698,TRUE
"IST-1","AGE","BELG","GREE",305,152,2.36537963761864,0.204618007691436,0.195043932598005,0.13630284728214,1.16475364380638,2.13683671268335,TRUE
"IST-1","AGE","BELG","HONG",305,115,3.128011404134,0.270589740171418,0.287807744247626,0.136564504632929,1.01232437131977,2.41568068424804,TRUE
"IST-1","AGE","BELG","HUNG",305,105,6.39797033567525,0.553458701738366,0.563269383454532,0.268071818891491,1.11541004759448,2.6435675253708,TRUE
"IST-1","AGE","BELG","INDI",305,229,16.7918677070656,1.45258649435956,1.34136893898652,0.541269954900136,1.34162151222869,2.74778223208533,TRUE
"IST-1","AGE","BELG","ISRA",305,114,4.31104400345125,0.372928396367014,0.384147738760426,0.180730514811619,1.08320132244806,2.55902789761288,TRUE
"IST-1","AGE","BELG","ITAL",305,3437,1.04320103788569,0.0902424771901343,0.0809159416668439,0.0444869477289096,1.00837641818875,1.3620628455048,FALSE
"IST-1","AGE","BELG","NETH",305,728,3.89477571608719,0.336918959965798,0.331404750961186,0.149162313096739,1.21149508125261,1.78818996577193,TRUE
"IST-1","AGE","BELG","NEW",305,453,1.93322476748815,0.167234296791956,0.163755621250235,0.0927514204031412,1.12639686114997,1.81429196974632,TRUE
"IST-1","AGE","BELG","NORW",305,526,1.30053605934052,0.112503334839324,0.0958348005575054,0.0731160007479899,1.04687417807692,1.57282334974755,FALSE
"IST-1","AGE","BELG","POLA",305,759,4.10055076783516,0.354719604078749,0.356739046231996,0.17123048013996,1.1638369214305,1.75213611525087,TRUE
"IST-1","AGE","BELG","PORT",305,415,7.50851273948252,0.649526567762898,0.654167298003606,0.26079399565475,1.16261361208315,1.95898676673909,TRUE
"IST-1","AGE","BELG","SING",305,140,8.99086651053864,0.777758108486211,0.801080006557629,0.346018735362998,1.10932556448637,2.41606557377049,TRUE
"IST-1","AGE","BELG","SPAI",305,478,2.32388366829001,0.201028384090973,0.206940343147516,0.0956512792372591,1.01548207781384,1.67406029220111,TRUE
"IST-1","AGE","BELG","SWED",305,636,1.84654088050314,0.159735676286506,0.175572964517336,0.120404165377874,1.08752446972474,1.47755077843077,TRUE
"IST-1","AGE","BELG","SWIT",305,1631,1.38447497763617,0.119764500851018,0.0596544922992716,0.0872179393110935,1.08642518785436,1.57708476143571,FALSE
"IST-1","AGE","BELG","TURK",305,286,6.81235813366961,0.589305465737151,0.621518387164883,0.289017539837212,1.07075797135941,1.92176315487791,TRUE
"IST-1","AGE","BELG","UK",305,6257,0.855371950628411,0.0739942551246996,0.0140388683407715,0.0434749801533758,1.05006928735428,1.4196757991705,FALSE
"IST-1","AGE","BELG","USA",305,131,8.67368289325491,0.750320026747121,0.748254661071434,0.318107871355275,1.17587756839835,2.55092979602052,TRUE
"IST-1","AGE","CANA","CZEC",117,466,3.7213601848795,0.321917587698049,0.234581460230739,0.16358534169693,1.19093630040005,2.51425387916804,TRUE
"IST-1","AGE","CANA","GREE",117,152,3.63545883940621,0.314486661224676,0.0773463822726734,0.111729644624381,1.48437324222695,2.91793747188484,TRUE
"IST-1","AGE","CANA","HONG",117,115,2.51044221479004,0.217166697575856,0.0206555344447084,0.115496098104794,1.25889453088008,3.38684132292828,FALSE
"IST-1","AGE","CANA","HUNG",117,105,3.96727716727717,0.343190723813468,0.276266690076313,0.21953601953602,1.14254808559372,3.52808302808303,TRUE
"IST-1","AGE","CANA","INDI",117,229,13.979509573396,1.20930245273078,1.00982235863309,0.438845967230247,1.05273963483268,3.49407681110738,TRUE
"IST-1","AGE","CANA","ISRA",117,114,2.41992802519118,0.209336735379103,0.113837015143725,0.12280701754386,1.17652147215891,3.52984705353126,FALSE
"IST-1","AGE","CANA","ITAL",117,3437,2.22747178144327,0.192688239494053,0.160609918409095,0.0915477371689184,1.26382330203653,2.11856605716076,TRUE
"IST-1","AGE","CANA","NETH",117,728,1.48656898656899,0.128596179441985,0.0822830847513695,0.0778388278388279,1.05193131548946,2.67526709401709,FALSE
"IST-1","AGE","CANA","NEW",117,453,1.3136921944869,0.113641410994102,0.0759994551277019,0.0575083488990774,1.13140373387582,2.62305428199468,FALSE
"IST-1","AGE","CANA","NORW",117,526,2.72075980631114,0.235360295709149,0.152818389321806,0.092018458938611,1.33414651774555,2.27790939520978,TRUE
"IST-1","AGE","CANA","POLA",117,759,2.02439106786933,0.175120670064103,0.0993563147111551,0.11627985541029,1.09500703325743,2.53814398162224,FALSE
"IST-1","AGE","CANA","PORT",117,415,4.90052517763361,0.423921675210928,0.363616748203757,0.195983935742972,1.09615920653777,2.65870353207703,TRUE
"IST-1","AGE","CANA","SING",117,140,6.7957264957265,0.587866739975568,0.485625845907643,0.288583638583639,1.14881478921036,3.2640873015873,TRUE
"IST-1","AGE","CANA","SPAI",117,478,2.00130529628438,0.173123627173986,0.0497003263721539,0.0794263848657154,1.25497991778906,2.5054616815077,FALSE
"IST-1","AGE","CANA","SWED",117,636,4.70262860828899,0.406802562023231,0.390984431145037,0.182873730043541,1.38595164025501,2.22255482986615,TRUE
"IST-1","AGE","CANA","SWIT",117,1631,3.54029042011875,0.306254083231678,0.277076317609548,0.13549445309102,1.17303025443286,2.34210331871276,TRUE
"IST-1","AGE","CANA","TURK",117,286,4.43822843822844,0.383930531178519,0.321213649558889,0.240481740481741,1.1901939080716,2.723445998446,TRUE
"IST-1","AGE","CANA","UK",117,6257,3.01395087075125,0.260722893122504,0.239979706653955,0.101822369202903,1.21364335656558,2.22424327488256,TRUE
"IST-1","AGE","CANA","USA",117,131,6.33392053239381,0.54791805070204,0.449294421402132,0.234096692111959,1.08379447723195,3.71483330071116,TRUE
"IST-1","AGE","CZEC","GREE",466,152,3.83513101423086,0.331759373796586,0.371168465110326,0.200615540998419,1.24639180259123,2.19235656200587,TRUE
"IST-1","AGE","CZEC","HONG",466,115,2.75540212726255,0.238357042016656,0.242182225418466,0.124370218324314,1.05706285924545,2.34112427691734,TRUE
"IST-1","AGE","CZEC","HUNG",466,105,1.25665236051502,0.108707159848639,0.0501499993575494,0.0596157776415288,1.04235114076725,2.47483343552013,FALSE
"IST-1","AGE","CZEC","INDI",466,229,11.0590737860075,0.956669115188465,0.86138490991719,0.364600708435632,1.25374584599213,2.33652613527747,TRUE
"IST-1","AGE","CZEC","ISRA",466,114,1.68816354190197,0.146035188224188,0.131329595918383,0.0896393343874707,1.01225207408641,2.37607860853851,FALSE
"IST-1","AGE","CZEC","ITAL",466,3437,4.88473828733262,0.42255602464488,0.443006517427227,0.195124753222006,1.06120142749196,1.13783542139879,TRUE
"IST-1","AGE","CZEC","NETH",466,728,2.48257322077065,0.214755880326091,0.151991677341179,0.115537895580814,1.13214264359637,1.54298389378861,TRUE
"IST-1","AGE","CZEC","NEW",466,453,3.98357161128954,0.344600280494022,0.334454858233536,0.184378819316147,1.05261832248007,1.56434049588343,TRUE
"IST-1","AGE","CZEC","NORW",466,526,4.74128983828065,0.410146965488105,0.441820424436168,0.22529741020578,1.12025010682552,1.45494459765988,TRUE
"IST-1","AGE","CZEC","POLA",466,759,2.04033430027086,0.17649984505922,0.138448729949235,0.076447437615566,1.08760607396031,1.49387577962872,TRUE
"IST-1","AGE","CZEC","PORT",466,415,1.77382491338746,0.153445355662309,0.149919687684934,0.0776306944516262,1.08646289088027,1.64769222814003,TRUE
"IST-1","AGE","CZEC","SING",466,140,3.28945432250153,0.284555417302854,0.279073274475765,0.142887798896383,1.03666518884097,2.4172823421214,TRUE
"IST-1","AGE","CZEC","SPAI",466,478,3.5382315441665,0.306075979434414,0.31951226723153,0.139960852622695,1.05377585465108,1.45737470145635,TRUE
"IST-1","AGE","CZEC","SWED",466,636,7.5171943747132,0.650277575709425,0.712175373341556,0.317792263881016,1.1637495975137,1.39335101357735,TRUE
"IST-1","AGE","CZEC","SWIT",466,1631,6.44389944819129,0.557431815968575,0.560268579831811,0.275291232372777,1.01526477761296,1.31028510116493,TRUE
"IST-1","AGE","CZEC","TURK",466,286,1.41660914193103,0.122544278173978,0.0953238938296699,0.0773732705063177,1.00062375745953,1.82172184039137,FALSE
"IST-1","AGE","CZEC","UK",466,6257,5.90477206301474,0.510794409569922,0.524692013478705,0.240666762239168,1.01906655810046,1.13655949971225,TRUE
"IST-1","AGE","CZEC","USA",466,131,3.03374504472037,0.262435195188965,0.2444916940351,0.138059823739475,1.09885806342337,2.45024407823608,TRUE
"IST-1","AGE","GREE","HONG",152,115,1.59170480549199,0.137690990889119,0.114866754113674,0.11824942791762,1.1791085002087,2.58711384439359,FALSE
"IST-1","AGE","GREE","HUNG",152,105,4.57211779448622,0.395512677609837,0.41684383934819,0.223934837092732,1.29917791727391,2.74293546365915,TRUE
"IST-1","AGE","GREE","INDI",152,229,14.8686796138819,1.28622042365163,1.24776125029929,0.540622845322914,1.5626585449774,3.27483624454148,TRUE
"IST-1","AGE","GREE","ISRA",152,114,2.57236842105263,0.222523646096008,0.22374111949899,0.146929824561403,1.26166268729727,2.69978070175439,FALSE
"IST-1","AGE","GREE","ITAL",152,3437,2.1464500099536,0.185679422305393,0.107337889406116,0.111792337258625,1.17451010741377,1.88767323093885,TRUE
"IST-1","AGE","GREE","NETH",152,728,3.09058704453441,0.26735233262017,0.177481388858795,0.165991902834008,1.41109331034248,2.28981709080393,TRUE
"IST-1","AGE","GREE","NEW",152,453,2.81545544324387,0.243551975496228,0.00735085532740498,0.0981323341466248,1.31197484839649,2.19126292552573,TRUE
"IST-1","AGE","GREE","NORW",152,526,1.7940014008405,0.155190729892811,0.0969635245515576,0.13277966780068,1.11260136910244,1.94136481889133,FALSE
"IST-1","AGE","GREE","POLA",152,759,2.96948027182581,0.25687594812972,0.200746745059252,0.149079467443312,1.35558329503257,2.20155502392345,TRUE
"IST-1","AGE","GREE","PORT",152,415,5.58184844641725,0.482859787146599,0.516245138497912,0.270370957514268,1.35415844101275,2.25137920101458,TRUE
"IST-1","AGE","GREE","SING",152,140,7.09041353383459,0.613358747123678,0.669657006963185,0.319172932330827,1.29209099340307,2.77622180451128,TRUE
"IST-1","AGE","GREE","SPAI",152,478,1.66050979960361,0.143642991401187,0.0284748048825986,0.0976381854217133,1.18278645035374,2.05049273287822,FALSE
"IST-1","AGE","GREE","SWED",152,636,3.73622144985104,0.323203166715425,0.39393694405164,0.251613704071499,1.07101373461618,1.92749710360808,TRUE
"IST-1","AGE","GREE","SWIT",152,1631,3.61035770757365,0.312315278878818,0.249258999074019,0.200817225467101,1.2654176962764,2.13526654619381,TRUE
"IST-1","AGE","GREE","TURK",152,286,4.92008649245491,0.425613833713903,0.476169281535401,0.223684210526316,1.2471692487756,2.28741028708134,TRUE
"IST-1","AGE","GREE","UK",152,6257,2.95468128327852,0.255595756356596,0.204533225204043,0.172496277853015,1.22307202869506,1.87916975093159,TRUE
"IST-1","AGE","GREE","USA",152,131,6.82467858577742,0.590371250833152,0.616734435547492,0.329600241060667,1.36960768246216,2.70569505825633,TRUE
"IST-1","AGE","HONG","HUNG",115,105,3.31262939958592,0.286560185596995,0.288299500119085,0.143271221532091,1.10183067719719,3.23494824016563,TRUE
"IST-1","AGE","HONG","INDI",115,229,13.7280045566736,1.1875459217166,1.09179659531928,0.481032846022404,1.32528816873155,3.4815321815075,TRUE
"IST-1","AGE","HONG","ISRA",115,114,1.40266971777269,0.121338443324349,0.105746719435897,0.0890160183066361,1.07001407171092,3.04053394355454,FALSE
"IST-1","AGE","HONG","ITAL",115,3437,2.23487874916193,0.193328981873637,0.206196545358741,0.130103351001252,1.00391515812926,2.10124704304816,TRUE
"IST-1","AGE","HONG","NETH",115,728,1.93688485427616,0.167550913902643,0.0703493619834418,0.093944099378882,1.19674593991369,2.58370640229336,FALSE
"IST-1","AGE","HONG","NEW",115,453,1.87916306747289,0.162557670184706,0.107551361932146,0.105307611095115,1.11268373365494,2.51252135521643,FALSE
"IST-1","AGE","HONG","NORW",115,526,2.10763762605389,0.182321943217889,0.199019617503429,0.111059679285832,1.05977624417262,2.2817151595305,FALSE
"IST-1","AGE","HONG","POLA",115,759,1.77971014492754,0.153954459711985,0.0893731638430479,0.0790513833992095,1.14966798627321,2.48044795783926,FALSE
"IST-1","AGE","HONG","PORT",115,415,4.44117338920901,0.384185285211576,0.385084210451074,0.199580932425354,1.14845956989798,2.67668412781561,TRUE
"IST-1","AGE","HONG","SING",115,140,5.91987577639752,0.51210096167343,0.523965770864935,0.238819875776398,1.09582026859646,3.02551242236025,TRUE
"IST-1","AGE","HONG","SPAI",115,478,1.10251046025105,0.0953730598876107,0.0799269305704519,0.0682372203019829,1.00311926353206,2.31387029288703,FALSE
"IST-1","AGE","HONG","SWED",115,636,4.85474432595023,0.419961386336834,0.473863089434268,0.235958435876401,1.10092752510896,2.19797716707684,TRUE
"IST-1","AGE","HONG","SWIT",115,1631,3.82361847892731,0.330763477831378,0.335107414054672,0.214522965372004,1.07319868871475,2.24332897928718,TRUE
"IST-1","AGE","HONG","TURK",115,286,3.74849498327759,0.324264893094199,0.340031332411973,0.179173000912131,1.0577222100891,2.48278808148373,TRUE
"IST-1","AGE","HONG","UK",115,6257,3.25150961358062,0.281272996748306,0.294735605373461,0.161987617346832,1.0372853969576,2.22629416792323,TRUE
"IST-1","AGE","HONG","USA",115,131,5.57743113176236,0.482477665769694,0.480446818415452,0.253567872552273,1.16156204642723,3.17723199468968,TRUE
"IST-1","AGE","HUNG","INDI",105,229,10.4791432730297,0.906502019692352,0.80282600772626,0.355001039717197,1.20280565440671,3.46025369099605,TRUE
"IST-1","AGE","HUNG","ISRA",105,114,2.16265664160401,0.187081382746312,0.178467419108395,0.144862155388471,1.0297347542686,3.17421052631579,FALSE
"IST-1","AGE","HUNG","ITAL",105,3437,5.50132867811076,0.475894395922027,0.484747419261292,0.226864513626224,1.10614451853008,2.19944525264281,TRUE
"IST-1","AGE","HUNG","NETH",105,728,2.73278388278388,0.236400442725321,0.196262671823649,0.167490842490842,1.08614323841295,2.87540750915751,FALSE
"IST-1","AGE","HUNG","NEW",105,453,4.56455376852728,0.39485834885126,0.376697685855864,0.211668243456323,1.00985002204273,2.67205613371176,TRUE
"IST-1","AGE","HUNG","NORW",105,526,5.34041281912004,0.46197431224963,0.484341103205569,0.24091978996922,1.16769397679421,2.43813416621401,TRUE
"IST-1","AGE","HUNG","POLA",105,759,2.38531902879729,0.206342871824309,0.183871454461279,0.103256164125729,1.04341620728669,2.71453604366648,FALSE
"IST-1","AGE","HUNG","PORT",105,415,1.45645438898451,0.125991105456327,0.0989185519697237,0.0693057946069994,1.04231947218915,2.66274813539874,FALSE
"IST-1","AGE","HUNG","SING",105,140,3.11428571428571,0.269402394484375,0.224155646415223,0.135714285714286,1.0054848489054,3.16488095238095,FALSE
"IST-1","AGE","HUNG","SPAI",105,478,4.13554492926878,0.357746786472434,0.36387047188736,0.173600318788603,1.09840446420853,2.54531579996015,TRUE
"IST-1","AGE","HUNG","SWED",105,636,8.09712488769093,0.700444671205538,0.74871702731932,0.368463611859838,1.21303572053583,2.27438454627134,TRUE
"IST-1","AGE","HUNG","SWIT",105,1631,7.07594522787656,0.61210716116567,0.598489322449812,0.322215409769058,1.02667911243604,2.49151440833844,TRUE
"IST-1","AGE","HUNG","TURK",105,286,0.970762570762571,0.0839761618015921,0.0431933473144827,0.0665001665001664,1.041701371766,2.78169164169164,FALSE
"IST-1","AGE","HUNG","UK",105,6257,6.52543360959535,0.564484957629203,0.564101877149695,0.286699087498193,1.06222518935377,2.22082855772963,TRUE
"IST-1","AGE","HUNG","USA",105,131,2.6457288258815,0.228869714034021,0.192009820111054,0.14154852780807,1.05421102394969,3.16688476917484,FALSE
"IST-1","AGE","INDI","ISRA",229,114,12.5550831226538,1.08608193547491,0.973254491860092,0.404657933042213,1.23857078497337,3.57618555121428,TRUE
"IST-1","AGE","INDI","ITAL",229,3437,15.9321740168955,1.37821838561714,1.26888859916861,0.497665400795098,1.33047688147897,1.63262956549138,TRUE
"IST-1","AGE","INDI","NETH",229,728,12.8970919909785,1.11566753439376,0.953667626990353,0.398561591247181,1.10740978893743,2.25608624454148,TRUE
"IST-1","AGE","INDI","NEW",229,453,14.9465667987314,1.29295808230699,1.14047873290433,0.470883098605127,1.19107355364875,2.49302274019877,TRUE
"IST-1","AGE","INDI","NORW",229,526,15.8003636242881,1.36681608067657,1.28237271765702,0.508874757168712,1.40450891790473,2.23103217825892,TRUE
"IST-1","AGE","INDI","POLA",229,759,12.6966475079253,1.09832801302358,0.955543528580644,0.405670527181824,1.15275730433064,2.17050272997681,TRUE
"IST-1","AGE","INDI","PORT",229,415,9.28683116746462,0.803360636505029,0.699237904476969,0.309843741779344,1.15397024280905,2.38686694375756,TRUE
"IST-1","AGE","INDI","SING",229,140,7.8410480349345,0.678292651887545,0.60205688466376,0.251840299438553,1.20940286168369,3.02228009981285,TRUE
"IST-1","AGE","INDI","SPAI",229,478,14.5853994993696,1.26171517649035,1.15867322671183,0.466006467998027,1.3211671003756,2.29638870110175,TRUE
"IST-1","AGE","INDI","SWED",229,636,18.5762681607207,1.60694669089789,1.52662282640571,0.596303314932301,1.45904622365781,2.23976476888852,TRUE
"IST-1","AGE","INDI","SWIT",229,1631,17.4508579674912,1.50959268145606,1.35118051053708,0.528065670858556,1.23489544169933,2.03937748159968,TRUE
"IST-1","AGE","INDI","TURK",229,286,9.97950957339604,0.863281028622405,0.777109764738101,0.361330808929062,1.25296430016337,2.51940330411946,TRUE
"IST-1","AGE","INDI","UK",229,6257,16.9441645444438,1.46576098649876,1.32938653479207,0.526228440740257,1.27765046400795,1.70000649054718,TRUE
"IST-1","AGE","INDI","USA",229,131,8.15097169905663,0.705102708793652,0.610717159885326,0.235007833594453,1.14095340219484,3.15027167572252,TRUE
"IST-1","AGE","ISRA","ITAL",114,3437,3.41724218897549,0.295609752188127,0.305021360503354,0.140922571193768,1.0742033460022,2.14878974421798,TRUE
"IST-1","AGE","ISRA","NETH",114,728,1.34967225756699,0.116753879160723,0.0281302555329895,0.0571621361095045,1.11843944070766,2.65410762483131,FALSE
"IST-1","AGE","ISRA","NEW",114,453,2.47676309980249,0.21425327374318,0.204555136970944,0.126989659579412,1.03987766429631,2.55487974904148,FALSE
"IST-1","AGE","ISRA","NORW",114,526,3.25668734574078,0.281720898312234,0.300360155563738,0.17183643519445,1.13397549412965,2.33190581015276,TRUE
"IST-1","AGE","ISRA","POLA",114,759,0.939983357603494,0.0813135950090324,0.0119015447867318,0.0488870397337217,1.07444193181023,2.5335101587962,FALSE
"IST-1","AGE","ISRA","PORT",114,415,3.26825195518918,0.282721298969882,0.27492198458454,0.127879940815895,1.07331258556407,2.67066687803847,TRUE
"IST-1","AGE","ISRA","SING",114,140,4.87719298245614,0.421903315360207,0.406402434379703,0.21390977443609,1.02411762384048,3.0815350877193,TRUE
"IST-1","AGE","ISRA","SPAI",114,478,2.06364236952213,0.178516117888105,0.18278058383949,0.0916464802172796,1.06668679449273,2.42968692652132,FALSE
"IST-1","AGE","ISRA","SWED",114,636,6.02118503806687,0.520864755422979,0.566441586999461,0.248593181065872,1.17800794380047,2.19316865276399,TRUE
"IST-1","AGE","ISRA","SWIT",114,1631,4.98944249034604,0.431613499004089,0.426555182019907,0.209794873449719,1.00297623843277,2.46287230952919,TRUE
"IST-1","AGE","ISRA","TURK",114,286,2.58931419457735,0.223989546267919,0.226031237084265,0.165807876334192,1.01162106789908,2.65466813887866,FALSE
"IST-1","AGE","ISRA","UK",114,6257,4.43894557393964,0.383992567258537,0.388879060300462,0.177339625233773,1.03155223706929,2.17666879761334,TRUE
"IST-1","AGE","ISRA","USA",114,131,4.46518012588724,0.386261996514975,0.368214597311287,0.193719030400429,1.08555772969409,3.0219298245614,TRUE
"IST-1","AGE","ITAL","NETH",3437,728,3.04689912938385,0.263573093965989,0.257377981871514,0.10467536536783,1.201431389509,0.966884973478659,TRUE
"IST-1","AGE","ITAL","NEW",3437,453,1.17370184609634,0.10153149606622,0.0871422328133219,0.0559198335732237,1.11704006642005,1.10696160661699,TRUE
"IST-1","AGE","ITAL","NORW",3437,526,0.708681857354157,0.0613047763803627,0.0126845947152129,0.0636956803118822,1.0556432339835,1.05996362001082,FALSE
"IST-1","AGE","ITAL","POLA",3437,759,3.25212798948742,0.281326489576282,0.280848657238599,0.132533926122875,1.15416911823562,0.993239558045189,TRUE
"IST-1","AGE","ITAL","PORT",3437,415,6.64650665507535,0.574958424533735,0.577172390230844,0.224836734193101,1.15295597071919,1.24235288550186,TRUE
"IST-1","AGE","ITAL","SING",3437,140,8.10276403840559,0.7009324879458,0.721423838678209,0.306837358161187,1.10011057822926,1.91251236543497,TRUE
"IST-1","AGE","ITAL","SPAI",3437,478,1.37523297416863,0.118965018050655,0.125791505118876,0.0726995056260751,1.00704663407129,1.13269103881827,TRUE
"IST-1","AGE","ITAL","SWED",3437,636,2.66011660015042,0.230114333569592,0.25898330566501,0.146515536622365,1.09663402947365,0.9515197636523,TRUE
"IST-1","AGE","ITAL","SWIT",3437,1631,1.80307459469719,0.155975609757687,0.136950151944921,0.104014505114127,1.07740043128518,0.672403633271355,TRUE
"IST-1","AGE","ITAL","TURK",3437,286,5.95673776325507,0.515289720970409,0.540969390457402,0.252945628709376,1.06186335979843,1.38773319348676,TRUE
"IST-1","AGE","ITAL","UK",3437,6257,1.12947109943875,0.0977052995792608,0.0929152948870257,0.062505728236688,1.04134653331186,0.487905544626213,TRUE
"IST-1","AGE","ITAL","USA",3437,131,7.79633179121682,0.674424457304553,0.671443657801932,0.273620923626365,1.16610974551594,2.08811541220708,TRUE
"IST-1","AGE","NETH","NEW",728,453,2.04947480775295,0.177290547913227,0.165603640722579,0.0735572374645223,1.0755490564984,1.59637474832011,TRUE
"IST-1","AGE","NETH","NORW",728,526,2.97409434671792,0.257275090320998,0.251540271128002,0.114674299084945,1.26828291743056,1.42858761960473,TRUE
"IST-1","AGE","NETH","POLA",728,759,0.932719454458585,0.0806852284813357,0.0159485658256953,0.0642346783651131,1.0409491733288,1.37132306099697,FALSE
"IST-1","AGE","NETH","PORT",728,415,3.63133192109096,0.31412966068652,0.287398958639486,0.140533562822719,1.04204446658927,1.56214368462862,TRUE
"IST-1","AGE","NETH","SING",728,140,5.42637362637363,0.469410382485477,0.411422535318584,0.236538461538461,1.09210056996527,2.45894230769231,TRUE
"IST-1","AGE","NETH","SPAI",728,478,1.7835762563796,0.154288899059587,0.142757606624641,0.0683537174122948,1.1930245818427,1.51677002390914,TRUE
"IST-1","AGE","NETH","SWED",728,636,5.68738337134564,0.491989123400822,0.499113788008055,0.205620637224411,1.31753054581338,1.31268919759486,TRUE
"IST-1","AGE","NETH","SWIT",728,1631,4.55744470122153,0.394243376452956,0.374052603554447,0.163119605716172,1.11512057599222,1.08093665990662,TRUE
"IST-1","AGE","NETH","TURK",728,286,3.13686313686314,0.271355462462609,0.241198390426057,0.188436563436563,1.13143690138914,1.77499375624376,TRUE
"IST-1","AGE","NETH","UK",728,6257,4.0525064674817,0.3505635147716,0.337417626424623,0.128896515024052,1.15372870708851,0.935898947025485,TRUE
"IST-1","AGE","NETH","USA",728,131,4.96730559516819,0.429698539005395,0.375759045452048,0.178938427984229,1.03029015418907,2.51447288398624,TRUE
"IST-1","AGE","NEW","NORW",453,526,1.56836552262483,0.135672017915279,0.0772731559483706,0.0574413080519393,1.1791957882048,1.43420143697698,TRUE
"IST-1","AGE","NEW","POLA",453,759,2.25375843083876,0.194962175458769,0.185681374634086,0.121787992217016,1.03323878250362,1.46972445444948,TRUE
"IST-1","AGE","NEW","PORT",453,415,5.65973563126679,0.489597445801957,0.467340325705243,0.214090800287242,1.03215274490042,1.78195271150828,TRUE
"IST-1","AGE","NEW","SING",453,140,7.15588142541785,0.619022070393432,0.600764817877552,0.292904446546831,1.01538889683075,2.40798013245033,TRUE
"IST-1","AGE","NEW","SPAI",453,478,1.27079811946392,0.109930843762786,0.0318325352972982,0.0558849880388299,1.10922377239282,1.5749697507089,FALSE
"IST-1","AGE","NEW","SWED",453,636,3.68286892415344,0.31858788748501,0.333667007295021,0.167104002665667,1.22498414912173,1.33780977966596,TRUE
"IST-1","AGE","NEW","SWIT",453,1631,2.54426177144535,0.220092270365002,0.213898004603926,0.116811013977259,1.03679192432435,1.35180972141578,TRUE
"IST-1","AGE","NEW","TURK",453,286,4.98323530773862,0.431076544462709,0.427207178216498,0.239946587628707,1.05196215323984,1.96497668997669,TRUE
"IST-1","AGE","NEW","UK",453,6257,2.01537774381435,0.174340969257739,0.173391765161932,0.0879865764471827,1.07268813088325,1.11861907599471,TRUE
"IST-1","AGE","NEW","USA",453,131,6.83128591409265,0.590942820121449,0.557839636505192,0.24434221390897,1.04392830711359,2.5981286756652,TRUE
"IST-1","AGE","NORW","POLA",526,759,3.27380183050542,0.283201392910019,0.275539144503286,0.162706583106649,1.21839082053813,1.36762850859396,TRUE
"IST-1","AGE","NORW","PORT",526,415,6.51353245682349,0.563455444171541,0.578616315047333,0.255009391176875,1.21711016957059,1.57262586467543,TRUE
"IST-1","AGE","NORW","SING",526,140,7.95931558935361,0.688523428789024,0.726746718277376,0.337751222161869,1.16132428854139,2.1474443237371,TRUE
"IST-1","AGE","NORW","SPAI",526,478,1.27934836215537,0.110670485550928,0.116487086114065,0.087635426444151,1.06308196556321,1.38568814929125,FALSE
"IST-1","AGE","NORW","SWED",526,636,2.78102207236291,0.240573304488957,0.279848516255283,0.163384508692637,1.03883015982158,1.20532857450319,TRUE
"IST-1","AGE","NORW","SWIT",526,1631,2.09161493217206,0.180935894379127,0.152502563246607,0.148115294682634,1.1373504755771,1.22777431326975,TRUE
"IST-1","AGE","NORW","TURK",526,286,5.82085405089207,0.503535052054164,0.54223211657803,0.281289053152171,1.1209488711862,1.7137074902284,TRUE
"IST-1","AGE","NORW","UK",526,6257,1.41741690371423,0.122614153894619,0.107702659905185,0.0955799466574623,1.09929042212283,1.09755572617983,TRUE
"IST-1","AGE","NORW","USA",526,131,7.64939192523147,0.661713371882918,0.674910779803749,0.281412358865701,1.23099586293612,2.33445273270833,TRUE
"IST-1","AGE","POLA","PORT",759,415,3.41470546216487,0.29539031173223,0.277061607061965,0.130133180945124,1.00105220628301,1.57408686127911,TRUE
"IST-1","AGE","POLA","SING",759,140,5.02187088274045,0.434418728633553,0.403670286291147,0.177564464520986,1.0491391875291,2.4182858083945,TRUE
"IST-1","AGE","POLA","SPAI",759,478,2.05015132220881,0.177349070037088,0.163451693602475,0.0799968026637119,1.14609302011124,1.44121256222402,TRUE
"IST-1","AGE","POLA","SWED",759,636,5.89713376587864,0.510133655956722,0.529857393102052,0.265207447734109,1.26570113082477,1.29569070524772,TRUE
"IST-1","AGE","POLA","SWIT",759,1631,4.75575012783447,0.411397857984213,0.399142258462253,0.218959245643328,1.07125362559848,1.08952775159157,TRUE
"IST-1","AGE","POLA","TURK",759,286,2.8102766798419,0.24310398472436,0.229654890904789,0.135958244653897,1.08692809445342,1.75789753724536,TRUE
"IST-1","AGE","POLA","UK",759,6257,4.25071345652816,0.367709480926123,0.362195033142777,0.183442923372463,1.1083429783599,0.930352892770636,TRUE
"IST-1","AGE","POLA","USA",759,131,4.63333635056171,0.400808410598611,0.367256159126016,0.198191674461173,1.01034564787054,2.50872230435788,TRUE
"IST-1","AGE","PORT","SING",415,140,2.32943201376936,0.201508345692027,0.120261404264401,0.11815834767642,1.04803643700526,2.43586488812392,FALSE
"IST-1","AGE","PORT","SPAI",415,478,5.29856833190503,0.458354539985324,0.45880931077698,0.174340878156979,1.14488836138404,1.63725538135807,TRUE
"IST-1","AGE","PORT","SWED",415,636,9.28943699325604,0.803586054392861,0.837683901430348,0.340668333712207,1.26437075197549,1.53928582253542,TRUE
"IST-1","AGE","PORT","SWIT",415,1631,8.16533873076611,0.706345533986732,0.685800292996612,0.295315904944117,1.07012763058196,1.37765588411278,TRUE
"IST-1","AGE","PORT","TURK",415,286,1.43012890723734,0.123713810285203,0.0585791273409081,0.0825259078271127,1.08578562399785,1.94938242480411,FALSE
"IST-1","AGE","PORT","UK",415,6257,7.65957087098594,0.662593905209388,0.653335970182763,0.267277324095808,1.10717799871324,1.21321095794397,TRUE
"IST-1","AGE","PORT","USA",415,131,1.96013979582452,0.169562590900673,0.0918165826243737,0.0852754529568656,1.01140873990924,2.54109537386186,FALSE
"IST-1","AGE","SING","SPAI",140,478,6.77435744172146,0.586018202350901,0.59942749975505,0.257561267184698,1.09241274535791,2.28288553496712,TRUE
"IST-1","AGE","SING","SWED",140,636,10.7352201257862,0.928654039010344,0.99588464848748,0.437511230907457,1.20641869627014,2.04340970350404,TRUE
"IST-1","AGE","SING","SWIT",140,1631,9.66591048436542,0.83615302777604,0.827270205960127,0.391263028816677,1.02107865031852,2.12713825873697,TRUE
"IST-1","AGE","SING","TURK",140,286,2.56383616383616,0.221785560147783,0.185395677031341,0.127772227772228,1.03601896428378,2.37003246753247,TRUE
"IST-1","AGE","SING","UK",140,6257,9.12271284732528,0.789163522790807,0.796588128211288,0.355746706545812,1.05643082589473,2.00906082330647,TRUE
"IST-1","AGE","SING","USA",140,131,1.12159214830971,0.097023728106723,0.0256262510148899,0.076990185387132,1.05999321213046,2.99511723009815,FALSE
"IST-1","AGE","SPAI","SWED",478,636,3.99609220809979,0.345683379178764,0.38939640401434,0.202007841898897,1.10436160818947,1.28619082392569,TRUE
"IST-1","AGE","SPAI","SWIT",478,1631,3.00035786757104,0.259547025542922,0.257556539467755,0.165251443655739,1.06986150872623,1.23374511619793,TRUE
"IST-1","AGE","SPAI","TURK",478,286,4.60588992597361,0.398434147867947,0.417192156367877,0.194546039734324,1.05443315520109,1.74247447113556,TRUE
"IST-1","AGE","SPAI","UK",478,6257,2.41460409529611,0.208876186928067,0.21583757412702,0.125078656674399,1.03405989164762,1.14244691970098,TRUE
"IST-1","AGE","SPAI","USA",478,131,6.43442780031301,0.556612467696701,0.553573470852296,0.233431281740075,1.15795009492419,2.3444680443323,TRUE
"IST-1","AGE","SWED","SWIT",636,1631,1.47915389331698,0.127954734160246,0.105689772240938,0.0728264096957918,1.18151397631692,1.07166692695379,TRUE
"IST-1","AGE","SWED","TURK",636,286,8.59675858732463,0.743665662275484,0.814160594983035,0.389409332805559,1.16447549500618,1.60409299819677,TRUE
"IST-1","AGE","SWED","UK",636,6257,1.79436465121328,0.155222152995635,0.156300178360679,0.0840098083856772,1.1419760449042,0.977395807261905,TRUE
"IST-1","AGE","SWED","USA",636,131,10.425296461664,0.901843982104238,0.933544794910257,0.381535359354746,1.27879562903363,2.18904352105238,TRUE
"IST-1","AGE","SWIT","TURK",1631,286,7.48347789549506,0.64736091967068,0.654696105291092,0.343161130714779,1.01463189340077,1.56472465302937,TRUE
"IST-1","AGE","SWIT","UK",1631,6257,0.721185944335845,0.0623864468765074,0.0448249555858989,0.0525353480251719,1.03462238248267,0.656660674930651,TRUE
"IST-1","AGE","SWIT","USA",1631,131,9.33789975709184,0.807778343032533,0.776474011353542,0.330738880750347,1.08233643838896,2.2630863845063,TRUE
"IST-1","AGE","TURK","UK",286,6257,6.9732853050737,0.603226527993895,0.620744515285535,0.308195799725287,1.01970220846784,1.3858567635018,TRUE
"IST-1","AGE","TURK","USA",286,131,2.41952703784765,0.209302047826188,0.153686493619983,0.147467036780014,1.09817306977924,2.52630518336625,FALSE
"IST-1","AGE","UK","USA",6257,131,8.81524814345338,0.762566179116604,0.745552964881835,0.302417933136261,1.11980950453379,2.12495220620081,TRUE
"IST-1","RDELAY","ARGE","AUSL",545,597,3.59676978162986,0.288613420685097,0.288397698048109,0.180394326371921,1.05574638943211,1.44711447143977,TRUE
"IST-1","RDELAY","ARGE","AUST",545,230,8.32329477463103,0.667881105025328,0.725504796682648,0.306182688472278,1.1145620253749,1.89119864379737,TRUE
"IST-1","RDELAY","ARGE","BELG",545,305,6.26178372687622,0.502460521725436,0.516457752342231,0.264129944352534,1.0079712065631,1.76401263347872,TRUE
"IST-1","RDELAY","ARGE","CANA",545,117,4.54912569591469,0.365032739912939,0.389655884412907,0.203073786560025,1.09305705299469,2.44547400611621,TRUE
"IST-1","RDELAY","ARGE","CZEC",545,466,3.01844312320353,0.24220710465834,0.249832934913401,0.12864511556483,1.00092541570205,1.48231602157735,TRUE
"IST-1","RDELAY","ARGE","GREE",545,152,1.31776919362627,0.105740955839986,0.0994230199027407,0.130480444229841,1.0661093278296,2.2303844760985,FALSE
"IST-1","RDELAY","ARGE","HONG",545,115,3.30618268847228,0.265296016443243,0.224354369100673,0.175747905863582,1.22590945707615,2.60954128440367,TRUE
"IST-1","RDELAY","ARGE","HUNG",545,105,2.49681083442551,0.200350080621678,0.208378349149174,0.135430318916557,1.04262283868449,2.67023591087811,FALSE
"IST-1","RDELAY","ARGE","INDI",545,229,1.35455310284043,0.108692584804034,0.0969258725723976,0.0963102439806098,1.07041870363618,1.88005648812147,FALSE
"IST-1","RDELAY","ARGE","ISRA",545,114,1.66826009979076,0.133865185492882,0.129122922984338,0.117946241751167,1.01050811869363,2.52058425881217,FALSE
"IST-1","RDELAY","ARGE","ITAL",545,3437,5.00745689781733,0.401810333147692,0.413876166723349,0.197267192158726,1.00375067213408,1.13590303043245,TRUE
"IST-1","RDELAY","ARGE","NETH",545,728,6.57184948079443,0.527340940353477,0.554491026303224,0.261205766710354,1.03895213980345,1.43386934166751,TRUE
"IST-1","RDELAY","ARGE","NEW",545,453,2.38813212629362,0.191629440821549,0.180940969316274,0.144881220001215,1.06493192466463,1.6309330254977,TRUE
"IST-1","RDELAY","ARGE","NORW",545,526,1.10488017581191,0.0886582312320602,0.074507668039883,0.0733177521191615,1.00281789684709,1.54589597795374,FALSE
"IST-1","RDELAY","ARGE","POLA",545,759,4.57590987658798,0.367181966711898,0.371158385521965,0.180950308832239,1.02436128735483,1.39899626500344,TRUE
"IST-1","RDELAY","ARGE","PORT",545,415,2.23941638112081,0.179696133290088,0.179507119472067,0.0959212998784127,1.00673103224955,1.60839504808224,TRUE
"IST-1","RDELAY","ARGE","SING",545,140,5.80589777195282,0.465879140964082,0.5067853476831,0.23040629095675,1.11808192535858,2.49885648754915,TRUE
"IST-1","RDELAY","ARGE","SPAI",545,478,4.16045449310967,0.333844831824889,0.359435693857902,0.212318145176769,1.10049881925974,1.46591627960539,TRUE
"IST-1","RDELAY","ARGE","SWED",545,636,1.36690612197796,0.109683820642168,0.0693378131284807,0.109696497605447,1.04237477065382,1.45711860250418,FALSE
"IST-1","RDELAY","ARGE","SWIT",545,1631,6.24473869242149,0.50109278734199,0.524805688392761,0.237763740374285,1.03047243354512,1.18834530512603,TRUE
"IST-1","RDELAY","ARGE","TURK",545,286,4.13715917110412,0.331975559400415,0.347782225284395,0.191807275293514,1.03104580840925,1.72972637454289,TRUE
"IST-1","RDELAY","ARGE","UK",545,6257,1.88550218250972,0.151297210453306,0.134915265192483,0.0998086546737379,1.06629951449037,1.11765973669124,TRUE
"IST-1","RDELAY","ARGE","USA",545,131,2.88189649135094,0.231250275921821,0.245578943244343,0.126591498004062,1.07842132720873,2.30549898452272,TRUE
"IST-1","RDELAY","AUSL","AUST",597,230,4.74213822736873,0.380520527655861,0.400822734102211,0.148386861845459,1.17669483408769,1.92221578909038,TRUE
"IST-1","RDELAY","AUSL","BELG",597,305,2.68967789768515,0.21582619564832,0.215063864904493,0.10455556470879,1.04739736865293,1.83529752588077,TRUE
"IST-1","RDELAY","AUSL","CANA",597,117,1.77545848902633,0.142467040959758,0.0778406268685233,0.103766696731521,1.15399103714244,2.56554997208263,FALSE
"IST-1","RDELAY","AUSL","CZEC",597,466,1.4583144621534,0.117018644759053,0.0452966092522712,0.0880403447854436,1.05477028844513,1.52012368710505,FALSE
"IST-1","RDELAY","AUSL","GREE",597,152,2.75584060654148,0.221135249850884,0.200435023996131,0.153541831966852,1.125541073596,2.36164264303976,TRUE
"IST-1","RDELAY","AUSL","HONG",597,115,6.33562012963368,0.508385331503296,0.531349232743921,0.314631126647731,1.29424948307882,2.55654431578181,TRUE
"IST-1","RDELAY","AUSL","HUNG",597,105,2.25857860732233,0.181233756209466,0.0915948733575176,0.144149318018665,1.10074529748061,2.66409906676238,FALSE
"IST-1","RDELAY","AUSL","INDI",597,229,2.75057968152261,0.220713100628707,0.203397308122969,0.169376723501057,1.1300906815445,2.01485301324673,TRUE
"IST-1","RDELAY","AUSL","ISRA",597,114,2.07630256545887,0.166607490102628,0.161356861575,0.124349819271798,1.04476784491051,2.69036850921273,FALSE
"IST-1","RDELAY","AUSL","ITAL",597,3437,1.45311076768773,0.116601087853518,0.114659247356457,0.0823879849251106,1.05180142712879,1.12398728683667,TRUE
"IST-1","RDELAY","AUSL","NETH",597,728,2.99900371822482,0.240647240250103,0.245149247458166,0.107718077567324,1.09686997039026,1.41498598763046,TRUE
"IST-1","RDELAY","AUSL","NEW",597,453,5.700833083741,0.457448498777057,0.47248535641423,0.26243801790409,1.12429803445567,1.56687743352524,TRUE
"IST-1","RDELAY","AUSL","NORW",597,526,4.4839215086841,0.359800599781056,0.361236215347932,0.215121870442198,1.05872137385422,1.49563995516238,TRUE
"IST-1","RDELAY","AUSL","POLA",597,759,1.17543580882012,0.0943197841885786,0.0761040320084687,0.0762905436272271,1.0306387038096,1.38161558782052,FALSE
"IST-1","RDELAY","AUSL","PORT",597,415,1.81021170107566,0.145255721920264,0.114767373903357,0.130366692902262,1.06285265242672,1.58740287784303,TRUE
"IST-1","RDELAY","AUSL","SING",597,140,9.38705431921512,0.753239718333548,0.794475806231151,0.356556592486241,1.18041095578662,2.37740847092606,TRUE
"IST-1","RDELAY","AUSL","SPAI",597,478,2.05775039773484,0.165118819736428,0.0475864483812832,0.0926984994708551,1.16184765500777,1.47723625098996,TRUE
"IST-1","RDELAY","AUSL","SWED",597,636,4.41048797446351,0.353908117139368,0.361344838118775,0.217652729054075,1.10048340055289,1.41777440662432,TRUE
"IST-1","RDELAY","AUSL","SWIT",597,1631,2.67572688704097,0.214706733144883,0.217517042037372,0.0999674440052295,1.08791755112458,1.12903974193469,TRUE
"IST-1","RDELAY","AUSL","TURK",597,286,1.38954094481733,0.11150009303181,0.0454175228085214,0.084853170280306,1.08852288956718,1.82639713720116,FALSE
"IST-1","RDELAY","AUSL","UK",597,6257,1.9103422926791,0.153290440379446,0.148049471153665,0.093472262489797,1.00999589026673,1.09621505321076,TRUE
"IST-1","RDELAY","AUSL","USA",597,131,6.45443502499776,0.517919323240691,0.536803182414388,0.279847072512691,1.1385394224872,2.4683129387395,TRUE
"IST-1","RDELAY","AUST","BELG",230,305,2.06379187455453,0.165603602304338,0.178901338853504,0.0969351389878831,1.12344642950655,2.12662152530292,FALSE
"IST-1","RDELAY","AUST","CANA",230,117,3.82285395763657,0.306754956385639,0.348522626639362,0.177146042363434,1.01967415362382,2.68049981419547,TRUE
"IST-1","RDELAY","AUST","CZEC",230,466,5.30485165142751,0.425674000366988,0.462163459210896,0.208191826833364,1.11559345857409,2.04075667102071,TRUE
"IST-1","RDELAY","AUST","GREE",230,152,7.15926773455378,0.574476787761961,0.645914201961555,0.293935926773455,1.04544815084203,2.45016018306636,TRUE
"IST-1","RDELAY","AUST","HONG",230,115,10.795652173913,0.866268983450938,1.04259318096114,0.447826086956522,1.09990240934666,2.64826086956522,TRUE
"IST-1","RDELAY","AUST","HUNG",230,105,5.86645962732919,0.470738769270704,0.522314711461842,0.282194616977226,1.06899828396352,2.65698757763975,TRUE
"IST-1","RDELAY","AUST","INDI",230,229,7.20803113726979,0.578389679972632,0.650110054436499,0.303037782418834,1.04123930345085,2.16916555914183,TRUE
"IST-1","RDELAY","AUST","ISRA",230,114,6.75575896262395,0.542098277594892,0.585453359096015,0.262395118230359,1.12627397542895,2.76235697940503,TRUE
"IST-1","RDELAY","AUST","ITAL",230,3437,3.3158378768137,0.266070771877636,0.288427088243061,0.138309445800812,1.11874238210518,1.68229857939811,TRUE
"IST-1","RDELAY","AUST","NETH",230,728,1.7599259436216,0.141220672319735,0.155875820588347,0.0779025322503584,1.07277513821354,1.83250298614429,FALSE
"IST-1","RDELAY","AUST","NEW",230,453,10.4428160092139,0.837956564636889,0.94161445675422,0.397111047125444,1.04660401248268,2.06679911699779,TRUE
"IST-1","RDELAY","AUST","NORW",230,526,9.22180525706728,0.739979737854653,0.805076523826251,0.343610514134568,1.11143012991605,2.05967349975202,TRUE
"IST-1","RDELAY","AUST","POLA",230,759,3.78616600790514,0.303811027440286,0.325605223493073,0.146903820816864,1.14171419114984,1.87373517786561,TRUE
"IST-1","RDELAY","AUST","PORT",230,415,6.16464117338921,0.494665570600356,0.539174345568945,0.264798323729701,1.10711003204541,1.98337873232059,TRUE
"IST-1","RDELAY","AUST","SING",230,140,14.1291925465839,1.13376024598941,1.30608921408866,0.476708074534162,1.00315810148161,2.77447204968944,TRUE
"IST-1","RDELAY","AUST","SPAI",230,478,4.17611424413316,0.335101407748389,0.382974114890783,0.221429870838639,1.01277893794073,1.8896916499909,TRUE
"IST-1","RDELAY","AUST","SWED",230,636,9.14379272627837,0.733719825562717,0.815214024329328,0.341673502871206,1.06925268795196,1.97462811047307,TRUE
"IST-1","RDELAY","AUST","SWIT",230,1631,2.09089915495961,0.167778755399523,0.184180463660998,0.0874763415349346,1.08160295131864,1.62368618878789,TRUE
"IST-1","RDELAY","AUST","TURK",230,286,4.18783824870781,0.336042169951658,0.371034282484803,0.211584068105807,1.08100146112276,2.08908482821526,TRUE
"IST-1","RDELAY","AUST","UK",230,6257,6.63914711175657,0.53274106342368,0.557919863462815,0.222244998644996,1.18845694652666,1.82331541716755,TRUE
"IST-1","RDELAY","AUST","USA",230,131,11.191868569532,0.89806233587932,1.01498841960888,0.413508131430468,1.03351259591621,2.692268503153,TRUE
"IST-1","RDELAY","BELG","CANA",305,117,2.28532997057587,0.183380349660075,0.150727989883601,0.134706459296623,1.10177003654936,2.60417262154967,FALSE
"IST-1","RDELAY","BELG","CZEC",305,466,3.25490747906846,0.261181570848764,0.267380628347788,0.159009357630338,1.00703927660395,1.86367972982481,TRUE
"IST-1","RDELAY","BELG","GREE",305,152,5.12381363244176,0.411147076180627,0.433572661581288,0.248533218291631,1.07460750550058,2.42951574633305,TRUE
"IST-1","RDELAY","BELG","HONG",305,115,8.73642195295795,0.701031419155492,0.788799225005871,0.406129722024234,1.23568143458616,2.73230220955096,TRUE
"IST-1","RDELAY","BELG","HUNG",305,105,3.81592505854801,0.30619896492971,0.31951738054539,0.236221701795472,1.05093380069905,2.78192818110851,TRUE
"IST-1","RDELAY","BELG","INDI",305,229,5.17503042451142,0.415256834228317,0.437056601329814,0.261493306607488,1.07895123223187,2.15768487364879,TRUE
"IST-1","RDELAY","BELG","ISRA",305,114,4.69424791486914,0.376677694295,0.385158080600831,0.216422203048605,1.00251684980088,2.70894593039977,TRUE
"IST-1","RDELAY","BELG","ITAL",305,3437,1.41955861240025,0.113908782563829,0.103261744284024,0.0940602984875296,1.00420476373883,1.48572072480289,FALSE
"IST-1","RDELAY","BELG","NETH",305,728,1.05660691767249,0.0847846693959955,0.0260533738407882,0.0627994955863808,1.047233841919,1.65739033507476,FALSE
"IST-1","RDELAY","BELG","NEW",305,453,8.38773205949408,0.673051707074692,0.7124782093297,0.351138131943691,1.07342071701177,1.84402887851482,TRUE
"IST-1","RDELAY","BELG","NORW",305,526,7.16855949635355,0.575222380980332,0.591388577058387,0.297637598952814,1.01081156544804,1.80644330860811,TRUE
"IST-1","RDELAY","BELG","POLA",305,759,1.77646601438476,0.142547887207302,0.140537097058775,0.100930905635111,1.01626046526429,1.76139549450312,TRUE
"IST-1","RDELAY","BELG","PORT",305,415,4.10124432154849,0.329093665864559,0.339385009596597,0.219395615247877,1.01475589326109,1.85858186845744,TRUE
"IST-1","RDELAY","BELG","SING",305,140,12.067681498829,0.968339662689518,1.04871154798486,0.435011709601874,1.12699438734008,2.7022775175644,TRUE
"IST-1","RDELAY","BELG","SPAI",305,478,2.5395020234584,0.203775723864909,0.182474299428071,0.176027162356815,1.1092711226705,1.8236326222649,TRUE
"IST-1","RDELAY","BELG","SWED",305,636,7.0830858851428,0.568363773727836,0.596023564426415,0.295700587689453,1.05068375526686,1.77812042478606,TRUE
"IST-1","RDELAY","BELG","SWIT",305,1631,0.826900925711874,0.0663525105099254,0.00143112299702884,0.0396015720014876,1.03868654217049,1.46034777015006,FALSE
"IST-1","RDELAY","BELG","TURK",305,286,2.17692307692308,0.17468152090468,0.177870429722613,0.168588788260919,1.0392644875241,2.10810271695518,TRUE
"IST-1","RDELAY","BELG","UK",305,6257,4.57763606400176,0.367320480123788,0.365343872732323,0.176742114405636,1.05786703781564,1.53205749887994,TRUE
"IST-1","RDELAY","BELG","USA",305,131,9.14133400075085,0.733522531538326,0.779932080542471,0.367563508947566,1.08701764636996,2.6385233387561,TRUE
"IST-1","RDELAY","CANA","CZEC",117,466,1.79560544367411,0.144083680847855,0.128787384022389,0.0888265287406919,1.09406858515476,2.46399343384322,FALSE
"IST-1","RDELAY","CANA","GREE",117,152,3.37989203778677,0.271210631148577,0.299026583837994,0.147829509671615,1.0252766995482,2.79389057579847,TRUE
"IST-1","RDELAY","CANA","HONG",117,115,6.98208844295801,0.560259497102106,0.667080440210246,0.289409141583055,1.12154205831935,2.97544778892605,TRUE
"IST-1","RDELAY","CANA","HUNG",117,105,2.0959706959707,0.168185707995386,0.180606725708529,0.114041514041514,1.04837244345599,3.17029304029304,FALSE
"IST-1","RDELAY","CANA","INDI",117,229,3.41887806516627,0.27433896334776,0.302453907626954,0.149740603889076,1.02114905997214,2.62676258724294,TRUE
"IST-1","RDELAY","CANA","ISRA",117,114,2.96108861898336,0.237604841889334,0.25276618696159,0.154745838956365,1.10454302624646,3.19460188933873,FALSE
"IST-1","RDELAY","CANA","ITAL",117,3437,1.34669223060262,0.108061809590754,0.0429174808139381,0.0713179104217801,1.09715675162431,2.26172297944192,FALSE
"IST-1","RDELAY","CANA","NETH",117,728,2.22542735042735,0.178573619966847,0.181853114917105,0.137362637362637,1.05207642500401,2.25726495726496,FALSE
"IST-1","RDELAY","CANA","NEW",117,453,6.6292522782589,0.531947078288057,0.592162308202253,0.265523292013358,1.02641025935899,2.37292692590706,TRUE
"IST-1","RDELAY","CANA","NORW",117,526,5.41977836274414,0.43489599490514,0.468005640164111,0.211351597283156,1.08998558604838,2.71433086347535,TRUE
"IST-1","RDELAY","CANA","POLA",117,759,1.35181243876896,0.108472667355701,0.00233610495715305,0.0615519745954528,1.11968532995791,2.46303503260025,FALSE
"IST-1","RDELAY","CANA","PORT",117,415,2.38156729482031,0.191102663022923,0.203718372725646,0.115374317783956,1.08574884252077,2.56658016682113,FALSE
"IST-1","RDELAY","CANA","SING",117,140,10.3156288156288,0.827750759640578,0.944204251660691,0.364896214896215,1.02289438807913,3.03220390720391,TRUE
"IST-1","RDELAY","CANA","SPAI",117,478,1.02782247970532,0.0824749371616356,0.0329266370227288,0.0720058648928942,1.00680821393967,2.25661499123842,FALSE
"IST-1","RDELAY","CANA","SWED",117,636,5.34812933397839,0.429146705254615,0.470871314766027,0.239154975004032,1.04862193883403,2.3947246411869,TRUE
"IST-1","RDELAY","CANA","SWIT",117,1631,1.99799818683939,0.160324159241861,0.152341384626379,0.11345878727853,1.06073390943051,2.34473685589565,FALSE
"IST-1","RDELAY","CANA","TURK",117,286,1.14257964257964,0.0916833267267485,0.0327241186061676,0.0652680652680653,1.06014402471711,2.60332167832168,FALSE
"IST-1","RDELAY","CANA","UK",117,6257,2.92687984329346,0.234859847806105,0.235515850585263,0.125048321947795,1.16552620491851,2.36405495930028,TRUE
"IST-1","RDELAY","CANA","USA",117,131,7.36960918640308,0.591355089576037,0.662533774813854,0.257910876231487,1.01357143577996,3.10035884387029,TRUE
"IST-1","RDELAY","CZEC","GREE",466,152,1.90823356674949,0.153121231160958,0.158313253781835,0.115343347639485,1.06709592214168,2.24241868082223,FALSE
"IST-1","RDELAY","CZEC","HONG",466,115,5.6284381414443,0.451639355238522,0.497986584705812,0.254469117372644,1.22704393293702,2.45091994775145,TRUE
"IST-1","RDELAY","CZEC","HUNG",466,105,1.15368894338851,0.0925747636277823,0.0467077665326036,0.0772123441651338,1.04358769823073,2.62840690782751,FALSE
"IST-1","RDELAY","CZEC","INDI",466,229,1.94711096950728,0.156240847060365,0.161294814937193,0.110435369304871,1.07140928591229,2.00719914912757,FALSE
"IST-1","RDELAY","CZEC","ISRA",466,114,1.57122957608614,0.126079223905825,0.119461150895714,0.0824486107973797,1.00957384320675,2.55612152699345,FALSE
"IST-1","RDELAY","CZEC","ITAL",466,3437,2.06484470312342,0.165688083789979,0.164320137467364,0.0949257074926856,1.00282264431266,1.18520234234617,TRUE
"IST-1","RDELAY","CZEC","NETH",466,728,3.58394448898741,0.287584288489945,0.299669929884856,0.181483752299203,1.03991360242731,1.39617742772249,TRUE
"IST-1","RDELAY","CZEC","NEW",466,453,5.1418867066481,0.412597302935653,0.438406169561435,0.220807397512056,1.06591742938933,1.54700210328852,TRUE
"IST-1","RDELAY","CZEC","NORW",466,526,3.92271414350756,0.314767976841293,0.324656971973004,0.138628241322476,1.00374592027513,1.60306507939098,TRUE
"IST-1","RDELAY","CZEC","POLA",466,759,1.79114714979615,0.143725936670536,0.124179509940761,0.0830633259258003,1.02341420378095,1.46850610980113,TRUE
"IST-1","RDELAY","CZEC","PORT",466,415,1.19145767619836,0.0956054171955651,0.0712452208886506,0.0793526035472362,1.00766267695453,1.62599100263716,FALSE
"IST-1","RDELAY","CZEC","SING",466,140,8.82434089515635,0.708086245622422,0.769863386873036,0.30790925812385,1.11911661592848,2.29123850398528,TRUE
"IST-1","RDELAY","CZEC","SPAI",466,478,1.79047174385404,0.143671740480304,0.0977779781907593,0.0986855100831433,1.10151723814716,1.53284698403577,TRUE
"IST-1","RDELAY","CZEC","SWED",466,636,3.84208572893892,0.308298159770452,0.324261063373964,0.168252490080168,1.043339400634,1.53334986638594,TRUE
"IST-1","RDELAY","CZEC","SWIT",466,1631,3.24156958920907,0.260111306625377,0.271005386396702,0.146842427958308,1.03142604891565,1.24716431637032,TRUE
"IST-1","RDELAY","CZEC","TURK",466,286,1.37193493202077,0.110087344402806,0.0939978520364246,0.0980671688826196,1.03199995438988,1.90472778294667,FALSE
"IST-1","RDELAY","CZEC","UK",466,6257,1.33946940799695,0.107482233007935,0.106842700887204,0.05625596327821,1.06531365650503,1.23312036441932,TRUE
"IST-1","RDELAY","CZEC","USA",466,131,5.89548864790486,0.473068127399287,0.504522836536256,0.218605641647282,1.07941931523835,2.41049700226059,TRUE
"IST-1","RDELAY","GREE","HONG",152,115,3.87997711670481,0.311338655465637,0.342575594324859,0.2029176201373,1.14989093995816,2.71675629290618,TRUE
"IST-1","RDELAY","GREE","HUNG",152,105,1.50012531328321,0.120373647580741,0.113611864236019,0.105827067669173,1.02252635207449,3.02691729323308,FALSE
"IST-1","RDELAY","GREE","INDI",152,229,0.557745345897495,0.0447548222221008,0.00277515447072225,0.0372328200413698,1.00404215186388,2.43009796598483,FALSE
"IST-1","RDELAY","GREE","ISRA",152,114,1.28508771929825,0.103118516075557,0.0342728354996141,0.081140350877193,1.07731213118682,3.08607456140351,FALSE
"IST-1","RDELAY","GREE","ITAL",152,3437,3.93306969051958,0.315598930732606,0.327624546035694,0.179335176025604,1.07010795437738,2.03580061406061,TRUE
"IST-1","RDELAY","GREE","NETH",152,728,5.4365962984384,0.436245506340199,0.47121209533431,0.241541353383459,1.02613901736733,2.17497469635628,TRUE
"IST-1","RDELAY","GREE","NEW",152,453,3.2836354130359,0.263486769066873,0.289716154788022,0.181552805855699,1.00110561354928,2.17180420006971,TRUE
"IST-1","RDELAY","GREE","NORW",152,526,2.24109465679408,0.179830802149181,0.176431035898471,0.138758254952972,1.06311358341479,2.26467130278167,FALSE
"IST-1","RDELAY","GREE","POLA",152,759,3.60030511060259,0.28889710394814,0.284400294149025,0.168902988697039,1.09208112351652,2.17531247833021,TRUE
"IST-1","RDELAY","GREE","PORT",152,415,1.48557387444515,0.119206005281144,0.0854184251809006,0.0911223842739378,1.05898129061084,2.291884115409,FALSE
"IST-1","RDELAY","GREE","SING",152,140,6.96992481203007,0.559283458227449,0.629778059557143,0.285526315789474,1.04874978219615,2.84294172932331,TRUE
"IST-1","RDELAY","GREE","SPAI",152,478,3.00044043162299,0.240762525573759,0.267503514018673,0.156325699185202,1.03225700266608,2.22009744549659,TRUE
"IST-1","RDELAY","GREE","SWED",152,636,2.05122476001324,0.164595186938298,0.173213606148705,0.146847070506455,1.02276969650838,2.18655453492221,FALSE
"IST-1","RDELAY","GREE","SWIT",152,1631,5.12221272064281,0.411018615184077,0.440840170201377,0.214648746329343,1.03458306416008,1.98453604504824,TRUE
"IST-1","RDELAY","GREE","TURK",152,286,2.99208686050791,0.240092215022671,0.258047884285005,0.158124769966875,1.03400772219272,2.32185544718439,TRUE
"IST-1","RDELAY","GREE","UK",152,6257,1.75733073694304,0.141012426720946,0.042889712663253,0.0921967396515902,1.13679185865836,2.09275369480918,FALSE
"IST-1","RDELAY","GREE","USA",152,131,4.03706307754118,0.323943609146617,0.357269690915234,0.165678987545199,1.01154853358632,2.72980865809562,TRUE
"IST-1","RDELAY","HONG","HUNG",115,105,5.07287784679089,0.407059866760924,0.459268493295885,0.213664596273292,1.17579378811892,3.0027950310559,TRUE
"IST-1","RDELAY","HONG","INDI",115,229,3.79297512815645,0.304357407555472,0.340399708586318,0.194000379722802,1.14526161857203,2.5471615720524,TRUE
"IST-1","RDELAY","HONG","ISRA",115,114,4.38695652173913,0.352019897020538,0.364297206591657,0.247673531655225,1.23879145915874,2.97312356979405,TRUE
"IST-1","RDELAY","HONG","ITAL",115,3437,7.51444004503422,0.602976664508017,0.677230306525378,0.321516489354973,1.23050744151571,2.38909691212002,TRUE
"IST-1","RDELAY","HONG","NETH",115,728,9.04420688007644,0.725728818779087,0.83947115176637,0.408074534161491,1.17994795920827,2.36567427138079,TRUE
"IST-1","RDELAY","HONG","NEW",115,453,1.43735483251752,0.115336793883748,0.0332189841079035,0.0937901909972166,1.15116227496158,2.36687685958345,FALSE
"IST-1","RDELAY","HONG","NORW",115,526,2.55880310795173,0.205324489106155,0.143060172715202,0.116746569680939,1.22246467771513,2.4302107786411,TRUE
"IST-1","RDELAY","HONG","POLA",115,759,7.19868247694335,0.577639521080222,0.626863003366381,0.308563899868248,1.25577418963098,2.54281949934124,TRUE
"IST-1","RDELAY","HONG","PORT",115,415,5.02011524358303,0.402826069125655,0.422105115646964,0.270298585646936,1.2177129916586,2.5454478784704,TRUE
"IST-1","RDELAY","HONG","SING",115,140,3.33354037267081,0.267491262538472,0.322493034949989,0.176708074534161,1.09643974137493,2.84484472049689,TRUE
"IST-1","RDELAY","HONG","SPAI",115,478,6.61953792977988,0.531167575702549,0.634829705763895,0.324959068582863,1.11395799397656,2.29011551755503,TRUE
"IST-1","RDELAY","HONG","SWED",115,636,2.08423571233251,0.167244064805766,0.153616731079514,0.131692644243916,1.17607360767875,2.1732923161061,FALSE
"IST-1","RDELAY","HONG","SWIT",115,1631,8.72172313597953,0.699851950880978,0.805241131620091,0.379793671527204,1.18965769211183,2.30208434409405,TRUE
"IST-1","RDELAY","HONG","TURK",115,286,6.67932502280328,0.535965035222597,0.610756405961587,0.324657950744907,1.18899611159619,2.5895515354211,TRUE
"IST-1","RDELAY","HONG","UK",115,6257,4.92787347735753,0.395424368906657,0.362565047683746,0.229387607618598,1.30718665888945,2.3468454114001,TRUE
"IST-1","RDELAY","HONG","USA",115,131,1.57942250248921,0.126736643940515,0.0367457305643308,0.0985728509790906,1.13676299433836,2.8329074012612,FALSE
"IST-1","RDELAY","HUNG","INDI",105,229,1.5184445830734,0.121843629658995,0.116579626001622,0.0912039925140362,1.02665955887439,2.63466001247661,FALSE
"IST-1","RDELAY","HUNG","ISRA",105,114,1.45238095238095,0.116542525725569,0.0754813467896695,0.10125313283208,1.05357884322608,3.11423558897243,FALSE
"IST-1","RDELAY","HUNG","ITAL",105,3437,2.61318979730385,0.209688607302939,0.214415771139518,0.143885171176414,1.0465333751119,2.44520996993502,TRUE
"IST-1","RDELAY","HUNG","NETH",105,728,4.12005494505495,0.330603075341681,0.353899812679714,0.226831501831502,1.00353307793536,2.34871794871795,TRUE
"IST-1","RDELAY","HUNG","NEW",105,453,4.59829706717124,0.36897836849629,0.400025605637907,0.209397666351309,1.02139708162185,2.53805108798486,TRUE
"IST-1","RDELAY","HUNG","NORW",105,526,3.38710845554952,0.271789693791462,0.284733880474701,0.144088357776571,1.03969309080198,2.56659967409017,TRUE
"IST-1","RDELAY","HUNG","POLA",105,759,2.28902691511387,0.183677001343106,0.172878222213259,0.135290796160361,1.06802247326039,2.65360060229625,FALSE
"IST-1","RDELAY","HUNG","PORT",105,415,1.41319563970166,0.11339820239669,0.0258667796354775,0.0711417096959266,1.03565183279863,2.78142857142857,FALSE
"IST-1","RDELAY","HUNG","SING",105,140,8.27142857142857,0.663719236673157,0.738616346178246,0.3,1.07237428902794,3.03583333333333,TRUE
"IST-1","RDELAY","HUNG","SPAI",105,478,1.94544730025902,0.156107350255792,0.149054422196653,0.122474596533174,1.05550998733949,2.47374875473202,FALSE
"IST-1","RDELAY","HUNG","SWED",105,636,3.33903863432165,0.267932456220363,0.283670751973416,0.15759209344115,1.00023798353304,2.4570777178796,TRUE
"IST-1","RDELAY","HUNG","SWIT",105,1631,3.80122624156959,0.305019496655195,0.324361357632999,0.212712037604741,1.01179110158005,2.42699570815451,TRUE
"IST-1","RDELAY","HUNG","TURK",105,286,1.85138195138195,0.148559321397786,0.143514717101267,0.137495837495838,1.01122843445056,2.72446553446553,FALSE
"IST-1","RDELAY","HUNG","UK",105,6257,1.59694209152416,0.128142457719923,0.0638027728067944,0.0911208018447909,1.11174822668584,2.5656519555241,FALSE
"IST-1","RDELAY","HUNG","USA",105,131,5.32540894220284,0.427323566608616,0.467471077273971,0.20370774263904,1.03433503199432,3.06564521992003,TRUE
"IST-1","RDELAY","INDI","ISRA",229,114,1.1697310962997,0.0938620243945121,0.0370063680503621,0.0850762276871218,1.08166679042587,2.67710679537271,FALSE
"IST-1","RDELAY","INDI","ITAL",229,3437,3.96135301299879,0.31786845226016,0.330919174660938,0.177077602712836,1.07443349323971,1.74714575395167,TRUE
"IST-1","RDELAY","INDI","NETH",229,728,5.48315058304141,0.43998113362317,0.474875985220747,0.249514132156054,1.03028682710898,1.86756352272182,TRUE
"IST-1","RDELAY","INDI","NEW",229,453,3.2566875849504,0.261324410807661,0.287525659992455,0.183820623307017,1.00515223447103,1.9302471635,TRUE
"IST-1","RDELAY","INDI","NORW",229,526,2.16084148305577,0.173391095301179,0.174076076484077,0.110490311654242,1.06741084996751,1.84193385026649,TRUE
"IST-1","RDELAY","INDI","POLA",229,759,3.66245519558601,0.293884175601863,0.287572836182409,0.174131671758404,1.09649548126544,1.88828670222253,TRUE
"IST-1","RDELAY","INDI","PORT",229,415,1.42491713579208,0.114338763313177,0.0882749006251754,0.093870679223444,1.06326185380849,1.88688588414794,FALSE
"IST-1","RDELAY","INDI","SING",229,140,6.93855271366188,0.55676608592568,0.628266927886126,0.274422956955708,1.04452764283778,2.66695102932002,TRUE
"IST-1","RDELAY","INDI","SPAI",229,478,3.04799839213608,0.244578690215319,0.270878711653647,0.14655314172955,1.02810126123672,1.85172799693044,TRUE
"IST-1","RDELAY","INDI","SWED",229,636,2.01573013649721,0.161747013346201,0.170811128004865,0.127948971464667,1.02690388694344,1.93582811513004,TRUE
"IST-1","RDELAY","INDI","SWIT",229,1631,5.16107941386724,0.41413737172488,0.444425571925292,0.235170643027157,1.0387650060212,1.66580807445267,TRUE
"IST-1","RDELAY","INDI","TURK",229,286,3.03079671420283,0.243198386384033,0.261278597740681,0.162060646776804,1.03818733843424,2.13531621217211,TRUE
"IST-1","RDELAY","INDI","UK",229,6257,1.68281463625368,0.135033076353316,0.0455566085605902,0.0847511922018518,1.14138694398867,1.73488218958958,FALSE
"IST-1","RDELAY","INDI","USA",229,131,3.99253308443615,0.32037041586114,0.355206760773096,0.148904963498783,1.00747616194052,2.58242608086936,TRUE
"IST-1","RDELAY","ISRA","ITAL",114,3437,3.44030391661435,0.276058224977765,0.282831911184785,0.146440439183498,1.00673219629849,2.25804416846597,TRUE
"IST-1","RDELAY","ISRA","NETH",114,728,5.00431366878735,0.401558112923042,0.419935890335232,0.207032003084635,1.04986957220551,2.49504771544245,TRUE
"IST-1","RDELAY","ISRA","NEW",114,453,3.72644359242477,0.299018757801178,0.313007445969254,0.210642500290461,1.07612235572964,2.56116823515743,TRUE
"IST-1","RDELAY","ISRA","NORW",114,526,2.58838636515242,0.207698320508795,0.203418708984848,0.15135748115536,1.01335562633526,2.5236241745047,TRUE
"IST-1","RDELAY","ISRA","POLA",114,759,3.05550932667637,0.245181385589732,0.241684032256471,0.13459538173497,1.01370911168839,2.58854101657305,TRUE
"IST-1","RDELAY","ISRA","PORT",114,415,1.06461636017755,0.0854273662433091,0.0490094487453359,0.0937222574508561,1.01730988142898,2.57781969985204,FALSE
"IST-1","RDELAY","ISRA","SING",114,140,7.38320802005012,0.592446292553844,0.639868187380376,0.301629072681704,1.12983086293945,3.09790726817043,TRUE
"IST-1","RDELAY","ISRA","SPAI",114,478,2.59696836232842,0.208386960514036,0.222295051602118,0.155031931292667,1.11206299147471,2.41363686412684,TRUE
"IST-1","RDELAY","ISRA","SWED",114,636,2.45125786163522,0.196694800996463,0.200704545273527,0.162859980139027,1.05332816846709,2.37829361138696,TRUE
"IST-1","RDELAY","ISRA","SWIT",114,1631,4.67714888078565,0.375305626852027,0.3909483126663,0.192912538857874,1.04130076018732,2.32550501790958,TRUE
"IST-1","RDELAY","ISRA","TURK",114,286,2.57870199975463,0.206921223837527,0.214844129929652,0.120169304379831,1.04188016014258,2.47058949822108,TRUE
"IST-1","RDELAY","ISRA","UK",114,6257,0.913341969275114,0.0732887468511546,0.00929581354450036,0.059302002809485,1.05521122964244,2.42083582177435,FALSE
"IST-1","RDELAY","ISRA","USA",114,131,4.48004553368153,0.359489582264812,0.37804281173842,0.191375385027454,1.08975350651678,3.04137873309227,TRUE
"IST-1","RDELAY","ITAL","NETH",3437,728,1.6181234753027,0.129842102678683,0.131736818128849,0.0865580448065174,1.04284890864286,0.939531484299814,TRUE
"IST-1","RDELAY","ITAL","NEW",3437,453,7.13468160088788,0.572503937518675,0.607210191868221,0.295615625568014,1.06892613515916,1.22287677726032,TRUE
"IST-1","RDELAY","ITAL","NORW",3437,526,5.91736648040614,0.474823657071389,0.488823563909225,0.218661048243727,1.00657913798836,1.12101214030717,TRUE
"IST-1","RDELAY","ITAL","POLA",3437,759,0.470469198442279,0.0377515751447045,0.0384046883002331,0.0238545656946436,1.02053360041785,1.02914947887497,FALSE
"IST-1","RDELAY","ITAL","PORT",3437,415,2.85281083601207,0.228916373284212,0.236088301442021,0.142711316607717,1.01050695027872,1.29109464333914,TRUE
"IST-1","RDELAY","ITAL","SING",3437,140,10.8133546697701,0.867689474111774,0.941911993083823,0.382717486179808,1.12227548407964,2.16538332848414,TRUE
"IST-1","RDELAY","ITAL","SPAI",3437,478,1.45196440897299,0.116509101284992,0.0744070712922088,0.109774506569537,1.10462642951472,1.17615354930287,TRUE
"IST-1","RDELAY","ITAL","SWED",3437,636,5.8300354265366,0.467816004171819,0.49154202670238,0.244841559572759,1.04628437665938,1.076723681249,TRUE
"IST-1","RDELAY","ITAL","SWIT",3437,1631,1.23903344193022,0.0994230105705194,0.103776458972326,0.0688268664283279,1.03433739778656,0.736149151932829,TRUE
"IST-1","RDELAY","ITAL","TURK",3437,286,0.996328518731777,0.0799477863125814,0.0730186350013499,0.0929681316646693,1.03491292319181,1.49684490662087,FALSE
"IST-1","RDELAY","ITAL","UK",3437,6257,3.32330923494287,0.266670291546044,0.265759839078461,0.111638619096336,1.06231511877676,0.550498693136657,TRUE
"IST-1","RDELAY","ITAL","USA",3437,131,7.88828354214465,0.632974761982309,0.674210555980536,0.285394461262374,1.08246613202949,2.16491969963153,TRUE
"IST-1","RDELAY","NETH","NEW",728,453,8.69186194600102,0.697455817486663,0.756917227045329,0.362898139388206,1.02500575711417,1.5032754772821,TRUE
"IST-1","RDELAY","NETH","NORW",728,526,7.47268938286049,0.599626491392303,0.631221758301259,0.297136798562654,1.0360327065063,1.41802976016379,TRUE
"IST-1","RDELAY","NETH","POLA",728,759,2.04666167166167,0.164229033801458,0.169520706568346,0.101355166572558,1.06426235142912,1.23833666333666,TRUE
"IST-1","RDELAY","NETH","PORT",728,415,4.42509267840593,0.355080033558496,0.373492586910635,0.195488547596981,1.03200567631447,1.47307079968225,TRUE
"IST-1","RDELAY","NETH","SING",728,140,12.3777472527473,0.993220081317559,1.10321303589031,0.45,1.07616307096696,2.28777472527472,TRUE
"IST-1","RDELAY","NETH","SPAI",728,478,2.44954365717964,0.196557249125836,0.214512817884518,0.159208469354913,1.05923918638632,1.38566744448021,TRUE
"IST-1","RDELAY","NETH","SWED",728,636,7.39234743244177,0.593179660890866,0.637028051261352,0.311096136567835,1.00329431041069,1.40271140023498,TRUE
"IST-1","RDELAY","NETH","SWIT",728,1631,0.510381785596378,0.0409542567190911,0.0280312760290353,0.0346413243408952,1.00822895012258,1.04516342027072,FALSE
"IST-1","RDELAY","NETH","TURK",728,286,2.49188311688312,0.199954668765367,0.208661241705087,0.149975024975025,1.00766826394106,1.67598026973027,TRUE
"IST-1","RDELAY","NETH","UK",728,6257,4.88770181791997,0.392200898751829,0.398468382687504,0.181294093472454,1.10783416225115,0.97936048987771,TRUE
"IST-1","RDELAY","NETH","USA",728,131,9.44546388725778,0.757926641950297,0.826418430479187,0.369893465313313,1.03798941827363,2.30734837681403,TRUE
"IST-1","RDELAY","NEW","NORW",453,526,1.45600517043118,0.116833341661058,0.10439199584373,0.0854673952274234,1.06193948872754,1.48914020597789,FALSE
"IST-1","RDELAY","NEW","POLA",453,759,6.68820075212243,0.536677244998424,0.560967016709645,0.294339886047344,1.09087503729471,1.47424242424242,TRUE
"IST-1","RDELAY","NEW","PORT",453,415,4.33211521583021,0.347619299302538,0.366684409908365,0.239431899784569,1.05781175959684,1.60710178462193,TRUE
"IST-1","RDELAY","NEW","SING",453,140,3.68637653736991,0.295803681352521,0.332895276809482,0.148486281929991,1.04990929416515,2.28844292021444,TRUE
"IST-1","RDELAY","NEW","SPAI",453,478,6.26670176508077,0.5028551568885,0.561623436994698,0.307757673159873,1.03339827999457,1.5377705117903,TRUE
"IST-1","RDELAY","NEW","SWED",453,636,1.30464617435128,0.104687933346855,0.113320292451191,0.0609250697655046,1.02164015730797,1.44375546669999,FALSE
"IST-1","RDELAY","NEW","SWIT",453,1631,8.37303324251566,0.671872238800177,0.725360696911237,0.337300346623031,1.03344047836482,1.32694530502421,TRUE
"IST-1","RDELAY","NEW","TURK",453,286,6.25668040568703,0.502051019011976,0.542747715977802,0.274332731286374,1.03286577180083,1.89127224872258,TRUE
"IST-1","RDELAY","NEW","UK",453,6257,3.89573355545983,0.312602989844259,0.313503422078012,0.184406621317017,1.13553639423519,1.23114946579919,TRUE
"IST-1","RDELAY","NEW","USA",453,131,1.21967207589775,0.0978694081942128,0.0656971806839794,0.0661409096270832,1.01266691535081,2.31233169876818,FALSE
"IST-1","RDELAY","NORW","POLA",526,759,5.48750857892865,0.440330829649524,0.445270857814889,0.20887249081992,1.02724783179675,1.35720479718661,TRUE
"IST-1","RDELAY","NORW","PORT",526,415,3.13880617527143,0.251865324197116,0.254519067417516,0.167868431902515,1.00390213957564,1.63209079664666,TRUE
"IST-1","RDELAY","NORW","SING",526,140,4.90738728951657,0.393780508134757,0.42902550060232,0.172569255839218,1.11494013905603,2.27810293318848,TRUE
"IST-1","RDELAY","NORW","SPAI",526,478,5.04683647008289,0.404970244330978,0.437983183873233,0.222528914838443,1.09740644110935,1.46250178977679,TRUE
"IST-1","RDELAY","NORW","SWED",526,636,0.746807518473348,0.0599256237084686,0.00660225858772572,0.042129994978119,1.03944571983716,1.38587476385202,FALSE
"IST-1","RDELAY","NORW","SWIT",526,1631,7.15386067937513,0.574042912705817,0.601186266211273,0.274127934762084,1.02757682804124,1.23631825631246,TRUE
"IST-1","RDELAY","NORW","TURK",526,286,5.03566965354038,0.404074192229741,0.423927157300863,0.213432954877822,1.02814859173426,1.79297109734372,TRUE
"IST-1","RDELAY","NORW","UK",526,6257,2.69764115141612,0.216465186197789,0.207166180654343,0.121649607952401,1.06930423653031,1.1324549660274,TRUE
"IST-1","RDELAY","NORW","USA",526,131,1.97277450439729,0.158300150557994,0.168678152560273,0.0910515775113923,1.07539098633893,2.39769613676603,FALSE
"IST-1","RDELAY","POLA","PORT",759,415,2.43577948156261,0.195452778712403,0.195051417187537,0.139765385653285,1.0312562962152,1.55308744860866,TRUE
"IST-1","RDELAY","POLA","SING",759,140,10.3449651797478,0.83010477975109,0.890702696466695,0.381441746659138,1.14531984042848,2.40717814793902,TRUE
"IST-1","RDELAY","POLA","SPAI",759,478,1.49497522064377,0.119960391814106,0.0333493540716561,0.0979294491210081,1.12730838722937,1.45995212264541,TRUE
"IST-1","RDELAY","POLA","SWED",759,636,5.41104854948169,0.434195493783137,0.447052966935783,0.236451885549507,1.06776836197314,1.33787692345937,TRUE
"IST-1","RDELAY","POLA","SWIT",759,1631,1.70755592606684,0.137018376697421,0.141715296194863,0.0774212414443801,1.05557606860994,1.08032173089087,TRUE
"IST-1","RDELAY","POLA","TURK",759,286,0.901033748859836,0.0723011057697758,0.0332034340029354,0.0865511300293909,1.0561634116239,1.72931488801054,FALSE
"IST-1","RDELAY","POLA","UK",759,6257,2.85298110385143,0.228930035983394,0.225956894489435,0.109933264730327,1.04094085519752,1.00072962813928,TRUE
"IST-1","RDELAY","POLA","USA",759,131,7.44180269337919,0.597148069462058,0.6269266514712,0.282301944100816,1.10469305905044,2.50132456325619,TRUE
"IST-1","RDELAY","PORT","SING",415,140,7.97659208261618,0.64006085074767,0.697963354113199,0.324956970740103,1.11060639787791,2.44985800344234,TRUE
"IST-1","RDELAY","PORT","SPAI",415,478,2.0055451933256,0.160929749115598,0.172813889095646,0.117966426374956,1.0931408529254,1.56581312698493,TRUE
"IST-1","RDELAY","PORT","SWED",415,636,3.06703417443358,0.246106166973036,0.252797240206359,0.2042471773888,1.03540542335784,1.46610991134349,TRUE
"IST-1","RDELAY","PORT","SWIT",415,1631,4.08748125549408,0.327989284485088,0.344417144280278,0.187736106904626,1.02358266561281,1.32944612293441,TRUE
"IST-1","RDELAY","PORT","TURK",415,286,1.98890386721712,0.15959440925664,0.166734186551195,0.0974555564917011,1.02415220687632,1.92808071446626,TRUE
"IST-1","RDELAY","PORT","UK",415,6257,1.17661568440936,0.0944144602313805,0.0382827940770973,0.0697273992887002,1.07347681091008,1.33550679624363,FALSE
"IST-1","RDELAY","PORT","USA",415,131,5.07342959624759,0.407104140458638,0.432658336662697,0.209546583279684,1.07121097161274,2.49712866734112,TRUE
"IST-1","RDELAY","SING","SPAI",140,478,9.95307830245069,0.798658838241021,0.914175105039965,0.394859533771668,1.01597739660518,2.29841153616258,TRUE
"IST-1","RDELAY","SING","SWED",140,636,4.98539982030548,0.400040420426693,0.44512614372966,0.171428571428571,1.07262949644999,2.17849505840072,TRUE
"IST-1","RDELAY","SING","SWIT",140,1631,12.0505824647456,0.966967595246545,1.06932221941885,0.424402207234825,1.0850187632017,2.20574800735745,TRUE
"IST-1","RDELAY","SING","TURK",140,286,9.94305694305694,0.797854700364497,0.88257388164882,0.366583416583417,1.08441537343875,2.63082917082917,TRUE
"IST-1","RDELAY","SING","UK",140,6257,7.49289709810726,0.60124800685637,0.630246690135333,0.271508481928811,1.19221021417031,2.12372959428297,TRUE
"IST-1","RDELAY","SING","USA",140,131,2.94601962922574,0.23639567006454,0.267789001549602,0.134078516902944,1.03677653357663,2.73718375136314,TRUE
"IST-1","RDELAY","SPAI","SWED",478,636,4.96767848214521,0.398618417814328,0.440259095143274,0.258907660324728,1.05576118133544,1.42969987631904,TRUE
"IST-1","RDELAY","SPAI","SWIT",478,1631,2.14184639143786,0.171866883661037,0.184762775328511,0.145089005128153,1.06795561281897,1.19602510460251,TRUE
"IST-1","RDELAY","SPAI","TURK",478,286,0.907496269420956,0.0728196738957979,0.000883012743530355,0.047093074289727,1.06736171204424,1.78192424730082,FALSE
"IST-1","RDELAY","SPAI","UK",478,6257,2.66924007454747,0.214186215776033,0.205885984780392,0.126689572114378,1.17346135667388,1.17160815033606,TRUE
"IST-1","RDELAY","SPAI","USA",478,131,7.01961097448018,0.563270394888972,0.632044762349655,0.287553099747676,1.02047204695789,2.24944904021208,TRUE
"IST-1","RDELAY","SWED","SWIT",636,1631,7.06838706816438,0.567184305453321,0.60632692419181,0.277187472284241,1.01155036924933,1.13634528918864,TRUE
"IST-1","RDELAY","SWED","TURK",636,286,4.95765712275146,0.397814279937804,0.42558086436998,0.228141355499846,1.01098783599348,1.73437183885297,TRUE
"IST-1","RDELAY","SWED","UK",636,6257,2.87543988468764,0.230732182341123,0.204491650625099,0.1345197781001,1.11148371186518,1.0785045277591,TRUE
"IST-1","RDELAY","SWED","USA",636,131,2.06314513418791,0.165551706308531,0.17899733218719,0.107854433722214,1.03458118669958,2.23219549666331,FALSE
"IST-1","RDELAY","SWIT","TURK",1631,286,2.14676525191547,0.17226158480526,0.179886106999237,0.14222258428267,1.00055641941062,1.55976469882049,TRUE
"IST-1","RDELAY","SWIT","UK",1631,6257,4.56053702991828,0.365948412680815,0.370424715046369,0.152910285544568,1.09879225558487,0.680492499534795,TRUE
"IST-1","RDELAY","SWIT","USA",1631,131,9.12663518377243,0.732343063263811,0.794355043093697,0.34564099203879,1.04653098142437,2.20352263632577,TRUE
"IST-1","RDELAY","TURK","UK",286,6257,2.46950548253089,0.198159033795839,0.199293422944094,0.108155229779011,1.09940364492411,1.56252736794929,TRUE
"IST-1","RDELAY","TURK","USA",286,131,7.00403032082421,0.562020165927662,0.610655112126693,0.283697218811723,1.04594899510098,2.45196711685261,TRUE
"IST-1","RDELAY","UK","USA",6257,131,4.61755078586792,0.370523332992583,0.376574763546191,0.192730706494223,1.14992013761873,2.25327181648157,TRUE
"IST-1","RSBP","ARGE","AUSL",545,597,5.19510396016781,0.188207589171347,0.190757470249226,0.0879320148141318,1.17333273670839,3.26072918107356,TRUE
"IST-1","RSBP","ARGE","AUST",545,230,4.7857598723574,0.173377921757751,0.140000511034359,0.093139210211408,1.03822943742678,4.61999401675309,TRUE
"IST-1","RSBP","ARGE","BELG",545,305,2.65170702361258,0.0960657168613677,0.0089572353782586,0.0444578132049932,1.0093671174031,4.5760415100015,FALSE
"IST-1","RSBP","ARGE","CANA",545,117,4.36157766799969,0.158010700877541,0.140476577394631,0.0840743354504822,1.01484365788136,6.14403356073081,FALSE
"IST-1","RSBP","ARGE","CZEC",545,466,6.79316060952081,0.246101789487649,0.229205279961811,0.151159585777848,1.03276801153122,3.7867263850061,TRUE
"IST-1","RSBP","ARGE","GREE",545,152,8.33256880733945,0.301871280894072,0.274673635896377,0.144857556735876,1.29914669860702,5.23882665379044,TRUE
"IST-1","RSBP","ARGE","HONG",545,115,8.79888312724372,0.318764858889463,0.333921283402672,0.176625448743518,1.35164744670187,6.0264100518548,TRUE
"IST-1","RSBP","ARGE","HUNG",545,105,4.71603320227173,0.170851872504765,0.120504638197896,0.109043250327654,1.06853458237941,6.51883355176933,FALSE
"IST-1","RSBP","ARGE","INDI",545,229,10.5478947157566,0.382127836229404,0.363127031925408,0.177412763911702,1.00191063487633,4.96138496053844,TRUE
"IST-1","RSBP","ARGE","ISRA",545,114,6.50281667471431,0.235583245023586,0.221171115193329,0.13165942378883,1.32521141257742,5.99684934814099,TRUE
"IST-1","RSBP","ARGE","ITAL",545,3437,3.43889833517069,0.124583987159889,0.00515806783386539,0.0526237677940811,1.13708490537893,2.51111805420238,TRUE
"IST-1","RSBP","ARGE","NETH",545,728,7.86515777800182,0.284937971443824,0.263960092512661,0.142151426555096,1.04061963837321,3.52804289746951,TRUE
"IST-1","RSBP","ARGE","NEW",545,453,5.2737590376086,0.191057095671067,0.193081554251492,0.0978269234663912,1.15390129605066,3.63114871296353,TRUE
"IST-1","RSBP","ARGE","NORW",545,526,4.20638713503332,0.152388477280908,0.137072127149247,0.101370914291694,1.00341807113078,3.97649527331077,TRUE
"IST-1","RSBP","ARGE","POLA",545,759,2.55196963653286,0.0924524430334623,0.0799887700865913,0.0469594227073286,1.04319089970078,3.48319191113367,FALSE
"IST-1","RSBP","ARGE","PORT",545,415,3.20663203271803,0.116169472038435,0.102991467236405,0.0693047419033934,1.07192583044282,3.79220183486238,FALSE
"IST-1","RSBP","ARGE","SING",545,140,4.57221494102228,0.165641642173263,0.150924328901497,0.094692005242464,1.21270887765084,5.43801769331585,FALSE
"IST-1","RSBP","ARGE","SPAI",545,478,3.92821772676673,0.14231099007132,0.137642498938834,0.0736056197458831,1.07865715072983,3.9063099305209,TRUE
"IST-1","RSBP","ARGE","SWED",545,636,6.4688679245283,0.234353353865127,0.215379003071608,0.147697767007097,1.05447855032593,3.7257597657377,TRUE
"IST-1","RSBP","ARGE","SWIT",545,1631,3.68358805033216,0.133448576153422,0.124717006684372,0.0945128502241547,1.02101606453221,2.93349979468891,TRUE
"IST-1","RSBP","ARGE","TURK",545,286,3.47456213511259,0.125876010930581,0.111734331104167,0.053153268749599,1.00223851834452,4.56518348623854,FALSE
"IST-1","RSBP","ARGE","UK",545,6257,2.24413346959662,0.0813001921289496,0.0736218002577363,0.0397980683652657,1.05777229569466,2.73510125173567,FALSE
"IST-1","RSBP","ARGE","USA",545,131,7.26021430072134,0.263022153335688,0.230817102745191,0.125344912108691,1.10641068844546,5.84333776875132,TRUE
"IST-1","RSBP","AUSL","AUST",597,230,1.79550651809773,0.0650473899470721,0.0437436970032605,0.023698201150681,1.13012855772656,4.33690881945962,FALSE
"IST-1","RSBP","AUSL","BELG",597,305,5.1843424774144,0.187817723493883,0.182138272585976,0.0747562951368866,1.16244398740385,3.8043891589093,TRUE
"IST-1","RSBP","AUSL","CANA",597,117,4.21281621784135,0.152621389304452,0.0381024448887071,0.068934415668084,1.19074928643309,5.53745436584633,FALSE
"IST-1","RSBP","AUSL","CZEC",597,466,11.7713639729405,0.426451530439445,0.441638861858989,0.202583015219157,1.13610484020391,3.40202784307805,TRUE
"IST-1","RSBP","AUSL","GREE",597,152,3.90159128978224,0.141346370777559,0.0835783713543359,0.088358458961474,1.10722786296032,4.64937020629463,FALSE
"IST-1","RSBP","AUSL","HONG",597,115,4.10887772194305,0.148855918221467,0.145965026622051,0.117937513655233,1.15197284147523,5.04900517078144,FALSE
"IST-1","RSBP","AUSL","HUNG",597,105,3.73103613304618,0.135167519475226,0.0676216590878856,0.0754247427614262,1.09807652092609,5.50767647762623,FALSE
"IST-1","RSBP","AUSL","INDI",597,229,6.70735774944592,0.242993333995224,0.199937725549586,0.155449737771829,1.17109520137314,4.27290016311543,TRUE
"IST-1","RSBP","AUSL","ISRA",597,114,2.70360574803844,0.0979458974853074,0.0232237462826552,0.0523670986511505,1.12944211911713,5.14407564136472,FALSE
"IST-1","RSBP","AUSL","ITAL",597,3437,5.01753408688287,0.181774609578126,0.199051388278799,0.0782566698296058,1.03187785815992,2.19924903345161,TRUE
"IST-1","RSBP","AUSL","NETH",597,728,12.9911922248606,0.470643318757297,0.469554675509509,0.198621311686638,1.22099308816494,3.3532617298949,TRUE
"IST-1","RSBP","AUSL","NEW",597,453,1.1895348708221,0.0430943234224413,0.00399827100770117,0.0285089908704671,1.01683977713192,3.35140381820804,FALSE
"IST-1","RSBP","AUSL","NORW",597,526,9.14875709345205,0.331440050030732,0.337876131551598,0.150008598123698,1.17734327146253,3.51002907439606,TRUE
"IST-1","RSBP","AUSL","POLA",597,759,7.69352692315332,0.278720149882191,0.271869214785701,0.0994763011367774,1.2240100332552,3.33773942174641,TRUE
"IST-1","RSBP","AUSL","PORT",597,415,3.17145163568848,0.114894960929169,0.086886019881124,0.0641641944663074,1.09460254001313,3.51888559262174,FALSE
"IST-1","RSBP","AUSL","SING",597,140,1.73364441253888,0.0628062571732982,0.046396038355516,0.0390165111270639,1.03355922809493,4.89325616176118,FALSE
"IST-1","RSBP","AUSL","SPAI",597,478,2.21758723884415,0.0803384785367259,0.0499848213043315,0.0405339108373107,1.0877717131106,3.29699789042843,FALSE
"IST-1","RSBP","AUSL","SWED",597,636,11.2554833918018,0.407762272010572,0.429374456762674,0.194763123795076,1.11271370702204,3.32544799469043,TRUE
"IST-1","RSBP","AUSL","SWIT",597,1631,8.75853003008092,0.31730295183412,0.327508362118885,0.139665217565448,1.14918146488318,2.75959302952531,TRUE
"IST-1","RSBP","AUSL","TURK",597,286,3.08478288880299,0.111755136195558,0.0702678801360796,0.0567581497229739,1.17595926356374,4.03056980707734,FALSE
"IST-1","RSBP","AUSL","UK",597,6257,3.49990590103573,0.126794161774431,0.117316738986768,0.0616735052386219,1.10924888228221,2.49698279635351,TRUE
"IST-1","RSBP","AUSL","USA",597,131,2.94370069175394,0.106644027662372,0.0486884720103128,0.0625647320572327,1.06048572104537,5.03086424488857,FALSE
"IST-1","RSBP","AUST","BELG",230,305,4.18823948681397,0.151731026506741,0.131550990344109,0.0711332858161083,1.02859447224509,5.39887027797576,FALSE
"IST-1","RSBP","AUST","CANA",230,117,3.81995540691193,0.138388876024287,0.0041197448759728,0.0664437012263099,1.05364055999831,6.93911557041992,FALSE
"IST-1","RSBP","AUST","CZEC",230,466,11.1555887292405,0.404143300425809,0.375929316172901,0.209647322261616,1.00528814393415,4.82856129874977,TRUE
"IST-1","RSBP","AUST","GREE",230,152,5.12505720823798,0.185669944032563,0.123476314124857,0.106521739130435,1.25130982784201,5.85864130434782,FALSE
"IST-1","RSBP","AUST","HONG",230,115,5.51739130434783,0.199883375552838,0.181959810486127,0.134782608695652,1.30187740587657,6.4095652173913,FALSE
"IST-1","RSBP","AUST","HUNG",230,105,3.92525879917184,0.142203794405278,0.0218435462475359,0.0757763975155279,1.02918925611253,6.95627329192546,FALSE
"IST-1","RSBP","AUST","INDI",230,229,7.15289538636795,0.259134216867467,0.229747019060191,0.150009493070059,1.03624954290952,5.68309758876021,TRUE
"IST-1","RSBP","AUST","ISRA",230,114,4.03363844393593,0.146130158884736,0.0675852732560089,0.0565217391304348,1.27641479311347,6.42351258581236,FALSE
"IST-1","RSBP","AUST","ITAL",230,3437,4.79397730578993,0.173675621928407,0.143766311141054,0.0734424611959368,1.09521543542163,3.63713520385574,TRUE
"IST-1","RSBP","AUST","NETH",230,728,12.2736980410893,0.444650027456985,0.405747607097319,0.207059245102723,1.08040194172349,4.90610188724319,TRUE
"IST-1","RSBP","AUST","NEW",230,453,1.9726941165179,0.0714665205333718,0.0471719407462392,0.0344274882426336,1.11141261695542,4.54082781456954,FALSE
"IST-1","RSBP","AUST","NORW",230,526,8.12448338568358,0.29433278775672,0.279362100429457,0.138122003636965,1.04177817949398,4.97735658786576,TRUE
"IST-1","RSBP","AUST","POLA",230,759,6.82226613965745,0.247156221064104,0.218312255959906,0.103425559947299,1.08307150092508,4.88716073781291,TRUE
"IST-1","RSBP","AUST","PORT",230,415,3.21115767417496,0.116333426422138,0.0399205431503429,0.0597171293871137,1.03245563244628,4.76777894185437,FALSE
"IST-1","RSBP","AUST","SING",230,140,3.07950310559006,0.111563860856802,0.000976904618972734,0.0369565217391304,1.1680547997719,6.01812111801242,FALSE
"IST-1","RSBP","AUST","SPAI",230,478,2.42192104784428,0.0877410587108618,0.00500186961595699,0.0343460069128616,1.03893909365857,4.75905039112243,FALSE
"IST-1","RSBP","AUST","SWED",230,636,10.6382143833743,0.385399926071578,0.363403792838414,0.177262783702488,1.01565079192843,4.57336409625376,TRUE
"IST-1","RSBP","AUST","SWIT",230,1631,8.0892517260683,0.293056419512786,0.268587319674054,0.133313784554688,1.01685906176458,4.30339575613787,TRUE
"IST-1","RSBP","AUST","TURK",230,286,2.81061112800243,0.10182247526812,0.0260327852422046,0.0456977804803892,1.04055353306829,5.39200820918212,FALSE
"IST-1","RSBP","AUST","UK",230,6257,3.27602823967591,0.118683549313754,0.0689574606998776,0.0680490025084949,1.01882325578854,3.93213017073052,FALSE
"IST-1","RSBP","AUST","USA",230,131,3.03282442748091,0.109872791430668,0.088386487663366,0.0671091934948556,1.06567069720895,6.59925323597743,FALSE
"IST-1","RSBP","BELG","CANA",305,117,4.46002522068096,0.161577246743038,0.132229820815939,0.110858904301527,1.02434981757053,6.58027742749054,FALSE
"IST-1","RSBP","BELG","CZEC",305,466,7.34550763385633,0.26611214974862,0.239407686600281,0.148350102019278,1.02318372941287,4.56460353197777,TRUE
"IST-1","RSBP","BELG","GREE",305,152,7.72044866264021,0.279695467358795,0.266230791253319,0.163114754098361,1.28709037198424,5.77737920621225,TRUE
"IST-1","RSBP","BELG","HONG",305,115,8.40997861724876,0.304675673994374,0.325735364100171,0.188025659301497,1.33910390322541,6.58630791161796,TRUE
"IST-1","RSBP","BELG","HUNG",305,105,3.78313817330211,0.137055065800124,0.111850669022559,0.128805620608899,1.05861837973138,6.8347619047619,FALSE
"IST-1","RSBP","BELG","INDI",305,229,10.2886677643353,0.372736594023414,0.355853252684435,0.20725893048894,1.00744226307937,5.357508769418,TRUE
"IST-1","RSBP","BELG","ISRA",305,114,5.63692838654012,0.204213950307162,0.212359912054399,0.0915444348576359,1.31291320048837,6.19403221167673,FALSE
"IST-1","RSBP","BELG","ITAL",305,3437,1.93528095889954,0.0701111212473079,0.00433277842023932,0.0396142270470339,1.12653254279218,3.32335786546598,FALSE
"IST-1","RSBP","BELG","NETH",305,728,8.52727436497929,0.308925049958681,0.273914109190488,0.144388398486759,1.05036724469783,4.28156210592686,TRUE
"IST-1","RSBP","BELG","NEW",305,453,5.00880830890602,0.18145849316366,0.184529037967487,0.0876705388484782,1.14319287418379,3.94168638946188,TRUE
"IST-1","RSBP","BELG","NORW",305,526,4.50986099856635,0.163382691192697,0.14664923100685,0.0815121860001247,1.01281720600745,4.61626192108708,FALSE
"IST-1","RSBP","BELG","POLA",305,759,3.31504784120608,0.12009714665285,0.0891091607314052,0.0564634225361239,1.05296259133212,4.35719993952353,FALSE
"IST-1","RSBP","BELG","PORT",305,415,2.7570215287379,0.0998810378378841,0.0942383278010588,0.0409243531503062,1.06197815637255,4.48145565870038,FALSE
"IST-1","RSBP","BELG","SING",305,140,4.33231850117096,0.156950703369846,0.141979143287797,0.084543325526932,1.20145471032472,6.06672131147541,FALSE
"IST-1","RSBP","BELG","SPAI",305,478,3.59990397146581,0.130416879606785,0.129038582974682,0.0909390218807874,1.06864700873653,4.39344433774607,FALSE
"IST-1","RSBP","BELG","SWED",305,636,7.05172182699247,0.255468913565755,0.225627961266082,0.128167852355913,1.04469279030893,4.13480436127436,TRUE
"IST-1","RSBP","BELG","SWIT",305,1631,4.35245198058116,0.157680096592865,0.13435995735033,0.0768029268979104,1.01154084270061,3.7302053452071,TRUE
"IST-1","RSBP","BELG","TURK",305,286,3.7789980511292,0.136905077961765,0.103305693804604,0.077450418434025,1.01162660421176,5.00804711681761,FALSE
"IST-1","RSBP","BELG","UK",305,6257,2.06091171330733,0.0746624568113615,0.0647760611332303,0.0374353183450928,1.04795596909883,3.41928439492031,FALSE
"IST-1","RSBP","BELG","USA",305,131,6.45548742335127,0.233868606709393,0.222597438415767,0.114578901263922,1.0961429883827,6.65229633337504,FALSE
"IST-1","RSBP","CANA","CZEC",117,466,10.7290084736437,0.38868920323939,0.370145142185281,0.195187263856792,1.04809806656521,6.14480301529658,TRUE
"IST-1","RSBP","CANA","GREE",117,152,7.51248313090418,0.272161317578757,0.114998784587593,0.126068376068376,1.31843078773884,6.77593342330184,TRUE
"IST-1","RSBP","CANA","HONG",117,115,7.67015979189893,0.277873608316717,0.171376599235809,0.149981419546637,1.37171083897693,6.99073950204385,TRUE
"IST-1","RSBP","CANA","HUNG",117,105,4.93455433455433,0.178768429286927,0.0254252377354974,0.122100122100122,1.08439554415465,7.77958485958486,FALSE
"IST-1","RSBP","CANA","INDI",117,229,6.63583771880715,0.240402315096047,0.21982836268484,0.149815250251931,1.01678265356814,6.995373791662,FALSE
"IST-1","RSBP","CANA","ISRA",117,114,6.32838506522717,0.229263958066373,0.0608323953969698,0.10076473234368,1.3448823974062,7.07253711201079,FALSE
"IST-1","RSBP","CANA","ITAL",117,3437,5.19744659052195,0.18829245769653,0.14392562118538,0.126173441855723,1.15396340469644,5.17278025210815,TRUE
"IST-1","RSBP","CANA","NETH",117,728,11.9493284493284,0.432898805665489,0.399778612229252,0.166666666666667,1.0253989669164,6.27604548229548,TRUE
"IST-1","RSBP","CANA","NEW",117,453,4.08501726382521,0.147991504470883,0.0414792665479402,0.0669043980302258,1.1710294121181,5.67226750438671,FALSE
"IST-1","RSBP","CANA","NORW",117,526,8.10700009749439,0.293699405336252,0.276302252766543,0.126173994995288,1.01138666631518,6.36890172565077,TRUE
"IST-1","RSBP","CANA","POLA",117,759,6.54683963379615,0.237178103386481,0.216941211151895,0.103982973548191,1.02793261957078,6.19727542988413,TRUE
"IST-1","RSBP","CANA","PORT",117,415,3.874781175986,0.140375097262786,0.0430137385254512,0.0745958191741324,1.08783713074411,6.39362887447225,FALSE
"IST-1","RSBP","CANA","SING",117,140,4.87826617826618,0.176729228863774,0.00346085031032658,0.100915750915751,1.23070991334038,6.83977411477411,FALSE
"IST-1","RSBP","CANA","SPAI",117,478,3.68944676894468,0.133660825092837,0.00905819544497656,0.0808568465472231,1.09466836844655,6.20307370453814,FALSE
"IST-1","RSBP","CANA","SWED",117,636,10.3139412997904,0.373652200566479,0.357797730022941,0.167634252539913,1.0701308691702,6.36027052088373,TRUE
"IST-1","RSBP","CANA","SWIT",117,1631,7.82874016779596,0.283618638727332,0.265683826587727,0.12478842092576,1.0361716776855,5.92191854402155,TRUE
"IST-1","RSBP","CANA","TURK",117,286,2.47552447552447,0.0896829971152444,0.0294117625969026,0.0606060606060606,1.01257698572358,6.56994949494949,FALSE
"IST-1","RSBP","CANA","UK",117,6257,3.09085482379393,0.111975109511782,0.0712567169160774,0.0775213811812821,1.07347350576833,5.48471817547253,FALSE
"IST-1","RSBP","CANA","USA",117,131,5.45762380113525,0.197718125775995,0.0816646516361867,0.096757356299341,1.12283387018103,7.69354733476871,FALSE
"IST-1","RSBP","CZEC","GREE",466,152,14.0265416760786,0.508151831706734,0.538151502549941,0.286480686695279,1.25792693431786,5.13024621639937,TRUE
"IST-1","RSBP","CZEC","HONG",466,115,15.1031349132301,0.547154519475067,0.602689634123512,0.319201343534241,1.30876192098346,6.0845652173913,TRUE
"IST-1","RSBP","CZEC","HUNG",466,105,9.95248313917842,0.360557338650976,0.359484362281436,0.249540159411404,1.03463175703434,6.3419997956264,TRUE
"IST-1","RSBP","CZEC","INDI",466,229,17.1071930580805,0.619757292180565,0.598375009394207,0.289737054182207,1.03079853190569,5.29641096763311,TRUE
"IST-1","RSBP","CZEC","ISRA",466,114,12.2753181236353,0.444708719608781,0.485603210865666,0.207740380995407,1.28316465825913,6.13719599427754,TRUE
"IST-1","RSBP","CZEC","ITAL",466,3437,6.9976080797082,0.253508487365338,0.249161662627354,0.15296239733973,1.10100709228304,2.79328560939336,TRUE
"IST-1","RSBP","CZEC","NETH",466,728,2.44940574447012,0.088736770929658,0.0435540045068272,0.049662783568363,1.07471867468304,3.83962794180069,FALSE
"IST-1","RSBP","CZEC","NEW",466,453,11.8121488597713,0.427929080317927,0.442140790967983,0.218846223081223,1.11728992684411,3.78911335019754,TRUE
"IST-1","RSBP","CZEC","NORW",466,526,3.97521173648395,0.144013483292281,0.0895453482474791,0.0926255324009857,1.03629808605623,3.92324328073239,TRUE
"IST-1","RSBP","CZEC","POLA",466,759,5.29504882751757,0.191828379569032,0.142945070671548,0.113555785509508,1.07737419113144,3.63980333282442,TRUE
"IST-1","RSBP","CZEC","PORT",466,415,9.45506489477222,0.342536931493135,0.342039795297092,0.15440301980454,1.03791540643628,4.01515822948446,TRUE
"IST-1","RSBP","CZEC","SING",466,140,10.7018393623544,0.387704924007466,0.404667586246692,0.20790925812385,1.17423164167607,5.58384120171674,TRUE
"IST-1","RSBP","CZEC","SPAI",466,478,10.4181137428843,0.37742614705978,0.378012143753527,0.216181514536606,1.04443315312465,3.82370481440911,TRUE
"IST-1","RSBP","CZEC","SWED",466,636,1.65382487110967,0.0599145646150093,0.0163919782624196,0.0378033309039868,1.02102169950299,3.70718917861096,FALSE
"IST-1","RSBP","CZEC","SWIT",466,1631,3.56621704475782,0.129196473757178,0.104900401867349,0.0931943592887799,1.01151005102392,3.18500919681177,TRUE
"IST-1","RSBP","CZEC","TURK",466,286,9.90031213421771,0.358667293881211,0.342457272133864,0.200816351030943,1.03507988167067,4.40860094840781,TRUE
"IST-1","RSBP","CZEC","UK",466,6257,8.65437131014123,0.31352950250157,0.310627294745047,0.163511287958345,1.0242109398086,2.85152509018226,TRUE
"IST-1","RSBP","CZEC","USA",466,131,13.5342037152311,0.490315472438642,0.475758205742886,0.253972414244996,1.0713061172422,5.73347148052289,TRUE
"IST-1","RSBP","GREE","HONG",152,115,2.5687643020595,0.0930608781165602,0.0643969521799529,0.0494851258581236,1.0404117165145,5.86929347826087,FALSE
"IST-1","RSBP","GREE","HUNG",152,105,5.3734335839599,0.194668092912769,0.149847508515028,0.0833333333333334,1.2158209196319,6.22152255639098,FALSE
"IST-1","RSBP","GREE","INDI",152,229,7.42754539186394,0.269084203585082,0.132040675000166,0.193604918409561,1.29666923713947,5.86882756837509,TRUE
"IST-1","RSBP","GREE","ISRA",152,114,4.16228070175439,0.150790594825038,0.0645193955882557,0.0899122807017544,1.0200629490098,5.63695175438597,FALSE
"IST-1","RSBP","GREE","ITAL",152,3437,7.25047853850512,0.262669447336057,0.290704487688793,0.156750072737853,1.14252391572649,4.73004628424421,TRUE
"IST-1","RSBP","GREE","NETH",152,728,15.3489010989011,0.556058106710208,0.562109052092874,0.277472527472527,1.35191756769819,5.60221949103528,TRUE
"IST-1","RSBP","GREE","NEW",152,453,4.05077262693157,0.146750893965065,0.0786147435279437,0.0987858719646799,1.12587333340683,4.83822034390612,FALSE
"IST-1","RSBP","GREE","NORW",152,526,11.2425455273164,0.407293560642621,0.427630015751257,0.236692015209126,1.30358727443217,5.55693040824494,TRUE
"IST-1","RSBP","GREE","POLA",152,759,10.3925005200749,0.376498234364897,0.356525456105625,0.178186325497538,1.35525801336316,5.60059721933292,TRUE
"IST-1","RSBP","GREE","PORT",152,415,6.34571972098922,0.229891955849499,0.170134941588573,0.147590361445783,1.21197443116968,5.12063728598605,TRUE
"IST-1","RSBP","GREE","SING",152,140,4.12293233082707,0.149365086868541,0.13386437961154,0.0921052631578947,1.07127664565598,5.54703007518797,FALSE
"IST-1","RSBP","GREE","SPAI",152,478,4.94874476987448,0.179282518637472,0.131893791373214,0.0868751376348821,1.20441114929614,5.14842545694781,FALSE
"IST-1","RSBP","GREE","SWED",152,636,13.4219629261834,0.486249226897584,0.526810322222846,0.283018867924528,1.23202761991267,5.23638488910957,TRUE
"IST-1","RSBP","GREE","SWIT",152,1631,10.9956113459615,0.39834765940308,0.418395693882385,0.22271612507664,1.27240573751622,5.12048609990642,TRUE
"IST-1","RSBP","GREE","TURK",152,286,6.34090909090909,0.229717676932904,0.149106870016256,0.100846521899153,1.30205486232408,5.51549273095326,TRUE
"IST-1","RSBP","GREE","UK",152,6257,6.69174524532524,0.242427726110568,0.201218155037848,0.150031964200096,1.22819126942046,4.74653761471363,TRUE
"IST-1","RSBP","GREE","USA",152,131,4.09501807955002,0.148353812796519,0.0299011941320276,0.101145038167939,1.174199338613,6.43382382482925,FALSE
"IST-1","RSBP","HONG","HUNG",115,105,6.2712215320911,0.227193044598126,0.209836174320902,0.115113871635611,1.26495432996846,6.95453416149068,FALSE
"IST-1","RSBP","HONG","INDI",115,229,7.76350863869375,0.281255438890636,0.0786184269702064,0.175469906967913,1.34906986676382,6.48905449022214,TRUE
"IST-1","RSBP","HONG","ISRA",115,114,3.52418001525553,0.127673561407549,0.130869139904586,0.12463768115942,1.0199485409449,6.20528985507246,FALSE
"IST-1","RSBP","HONG","ITAL",115,3437,8.41600485762356,0.304893991891649,0.355453650246065,0.185543509886023,1.18869526831986,5.11997216986502,TRUE
"IST-1","RSBP","HONG","NETH",115,728,16.3718585762064,0.593117684748414,0.62368408457727,0.306414237935977,1.40655087719498,6.1169141184902,TRUE
"IST-1","RSBP","HONG","NEW",115,453,4.27956617717631,0.155039598645409,0.140306703821222,0.122698915442941,1.1713718073877,5.59515212592379,FALSE
"IST-1","RSBP","HONG","NORW",115,526,12.5319722268144,0.454006752984173,0.488943364571379,0.260605058687386,1.35626747381843,5.95304265167796,TRUE
"IST-1","RSBP","HONG","POLA",115,759,11.0437417654809,0.400091322338992,0.415169909708915,0.212911725955204,1.41002631600319,6.41478260869565,TRUE
"IST-1","RSBP","HONG","PORT",115,415,6.82702985856469,0.247328800488481,0.230565501776633,0.171503404924044,1.26095239830493,5.83169722367732,TRUE
"IST-1","RSBP","HONG","SING",115,140,4.67453416149068,0.169348450344552,0.198363249540995,0.130124223602484,1.11456877376883,5.93413043478261,FALSE
"IST-1","RSBP","HONG","SPAI",115,478,5.4046570856831,0.195799254104127,0.191958094237959,0.10511187920684,1.2530834712284,6.06179370565763,FALSE
"IST-1","RSBP","HONG","SWED",115,636,14.6737626469784,0.531599273669041,0.592125864439118,0.306931911402789,1.28181597082662,5.83284112660651,TRUE
"IST-1","RSBP","HONG","SWIT",115,1631,12.1655905952603,0.440733524167165,0.480629298920933,0.246629168554901,1.32382583747215,5.72442433289793,TRUE
"IST-1","RSBP","HONG","TURK",115,286,6.73937366980845,0.24415320283187,0.206450347880129,0.123472179993919,1.35467313430664,6.18566889632107,TRUE
"IST-1","RSBP","HONG","UK",115,6257,6.96031991995053,0.252157616486442,0.261616667704759,0.173945007678357,1.27782458682586,5.74693678731994,TRUE
"IST-1","RSBP","HONG","USA",115,131,3.53846664454033,0.128191135661248,0.089254690421177,0.1250580816462,1.22165074941654,6.6372950547627,FALSE
"IST-1","RSBP","HUNG","INDI",105,229,7.25784986483676,0.262936494842423,0.254348872159282,0.215221459762944,1.066496896214,6.81363901018923,TRUE
"IST-1","RSBP","HUNG","ISRA",105,114,4.56390977443609,0.165340763616676,0.0931889690551701,0.10125313283208,1.24021387274752,6.85338345864662,FALSE
"IST-1","RSBP","HUNG","ITAL",105,3437,3.77005140141596,0.136580959833119,0.123167362974462,0.129182426534769,1.06415358391759,5.44295218698477,FALSE
"IST-1","RSBP","HUNG","NETH",105,728,11.2252747252747,0.406667876144247,0.390125109872484,0.226648351648352,1.11193807070493,6.70760073260073,TRUE
"IST-1","RSBP","HUNG","NEW",105,453,3.56499526963103,0.129152211437717,0.0709171757909995,0.0923998738568275,1.079891390582,6.00991485335856,FALSE
"IST-1","RSBP","HUNG","NORW",105,526,7.49655984066631,0.27158445057276,0.26180523516226,0.200706137968495,1.07218690958768,6.54665218178526,TRUE
"IST-1","RSBP","HUNG","POLA",105,759,6.25597590814982,0.226640728003617,0.200244720722872,0.148503670242801,1.11468555235377,6.649843779409,FALSE
"IST-1","RSBP","HUNG","PORT",105,415,4.01526104417671,0.145464384699958,0.0183094785384912,0.128055077452668,1.00317373730278,6.31347676419965,FALSE
"IST-1","RSBP","HUNG","SING",105,140,4.1,0.148534297199627,0.0245115753162622,0.1,1.13492712135754,6.94797619047619,FALSE
"IST-1","RSBP","HUNG","SPAI",105,478,2.09025702331141,0.0757255751034498,0.0171927981811641,0.0609683203825463,1.0094733184282,6.16337019326559,FALSE
"IST-1","RSBP","HUNG","SWED",105,636,9.58153638814017,0.347118725245134,0.3466580466634,0.234950584007188,1.01332984160667,6.1750786163522,TRUE
"IST-1","RSBP","HUNG","SWIT",105,1631,7.03290414878398,0.254787189027309,0.25070221733571,0.203556100551809,1.04654042134877,5.99667279787451,TRUE
"IST-1","RSBP","HUNG","TURK",105,286,3.64968364968365,0.132220291684568,0.00499646744161985,0.0774225774225774,1.07092651664382,7.11013986013986,FALSE
"IST-1","RSBP","HUNG","UK",105,6257,3.35930348485886,0.121700434683846,0.047908751119842,0.104111966026622,1.01017448342007,5.71653135155293,FALSE
"IST-1","RSBP","HUNG","USA",105,131,5.23271537622683,0.189570170939886,0.112277842536627,0.0995274445656125,1.03544677607131,7.37453653217012,FALSE
"IST-1","RSBP","INDI","ISRA",229,114,8.79023979161878,0.318451729186412,0.188592415090873,0.187006818355934,1.32268424592678,6.55772044740673,TRUE
"IST-1","RSBP","INDI","ITAL",229,3437,10.4066738409271,0.377011703694596,0.380510948440496,0.223451954265996,1.13491649434311,3.76312381443653,TRUE
"IST-1","RSBP","INDI","NETH",229,728,18.3799846441768,0.665867829673836,0.620016652654362,0.279655933586065,1.04260788254729,4.96299906425452,TRUE
"IST-1","RSBP","INDI","NEW",229,453,6.44585827621774,0.233519763147902,0.194844598758491,0.179887600374023,1.15170081630393,4.4704763006449,TRUE
"IST-1","RSBP","INDI","NORW",229,526,14.5400982947847,0.526756897909595,0.499708225831575,0.2455294137181,1.00533523669302,4.96889144403673,TRUE
"IST-1","RSBP","INDI","POLA",229,759,12.9243316015672,0.468221100296027,0.435419033037219,0.221550995046343,1.04518405661642,4.98309974627613,TRUE
"IST-1","RSBP","INDI","PORT",229,415,7.98562634818751,0.28930229203094,0.272434921383448,0.174472562740043,1.06988167719682,4.95998684695112,TRUE
"IST-1","RSBP","INDI","SING",229,140,8.16818465377417,0.295915991937835,0.245184419736261,0.180754834684966,1.2103962523569,6.36269962570181,TRUE
"IST-1","RSBP","INDI","SPAI",229,478,6.73822879172681,0.244111726329129,0.238841788931079,0.175823573477554,1.07660016091452,4.70376020902231,TRUE
"IST-1","RSBP","INDI","SWED",229,636,16.6504421740683,0.603210177167867,0.588239296574066,0.286774601082091,1.05246766889153,4.70246834747741,TRUE
"IST-1","RSBP","INDI","SWIT",229,1631,14.136929416143,0.512150945216471,0.491729007570479,0.244059555715009,1.01906899576751,4.20272075694982,TRUE
"IST-1","RSBP","INDI","TURK",229,286,7.2955690597612,0.264302981210481,0.250879370931753,0.142165694567441,1.00415343021208,5.54003649189238,TRUE
"IST-1","RSBP","INDI","UK",229,6257,8.48397497859166,0.307356405098617,0.299498847286388,0.177586954139748,1.05575513311646,3.97375048242911,TRUE
"IST-1","RSBP","INDI","USA",229,131,7.18473949131638,0.260287861196361,0.149962618636825,0.166305543518117,1.10430077287484,6.45868695623187,TRUE
"IST-1","RSBP","ISRA","ITAL",114,3437,5.57267915205529,0.201886336919401,0.233176066816027,0.0857745177607971,1.16544631479019,5.09523745718675,TRUE
"IST-1","RSBP","ISRA","NETH",114,728,13.5319066898014,0.490232256083069,0.51191665127285,0.206766917293233,1.37904102092437,6.33618180065549,TRUE
"IST-1","RSBP","ISRA","NEW",114,453,2.88985709306379,0.104693388372094,0.0187765569559711,0.0563494829789706,1.14846167268647,5.53237481120019,FALSE
"IST-1","RSBP","ISRA","NORW",114,526,9.68864652124608,0.350999098011925,0.375355125950728,0.153358681875792,1.32974107944893,6.05404409312254,TRUE
"IST-1","RSBP","ISRA","POLA",114,759,8.34484432424936,0.302315996815286,0.30498187252448,0.141945773524721,1.38244848578038,6.16398308023022,TRUE
"IST-1","RSBP","ISRA","PORT",114,415,4.85351934051997,0.175832703460715,0.11353185714935,0.0653984358486578,1.23629021238341,5.7892041851617,FALSE
"IST-1","RSBP","ISRA","SING",114,140,2.59072681704261,0.093856533416012,0.07287519535479,0.0441102756892231,1.09276961437316,5.85529448621554,FALSE
"IST-1","RSBP","ISRA","SPAI",114,478,3.57446964692065,0.129495448016282,0.0747741811374428,0.0761946707773619,1.22857518877131,5.69855942156647,FALSE
"IST-1","RSBP","ISRA","SWED",114,636,11.8304369414101,0.428591618696794,0.47354748484699,0.199685534591195,1.25674572722965,5.60977739159218,TRUE
"IST-1","RSBP","ISRA","SWIT",114,1631,9.34296040530511,0.338475623796569,0.365292440810468,0.159556616864049,1.29793394894779,5.95058246474555,TRUE
"IST-1","RSBP","ISRA","TURK",114,286,5.35173598331493,0.193882034897472,0.0947605206669966,0.0890688259109312,1.32817792263485,6.39300392589866,FALSE
"IST-1","RSBP","ISRA","UK",114,6257,4.92513647872278,0.178427240360813,0.145303826668123,0.099394642912219,1.25283240823313,5.44132844897925,FALSE
"IST-1","RSBP","ISRA","USA",114,131,3.42761483862328,0.124175210030712,0.0289180765263512,0.0764698004553368,1.19775724007094,6.67349671889648,FALSE
"IST-1","RSBP","ITAL","NETH",3437,728,8.19691815312997,0.296956945628786,0.28464756455105,0.149792417358609,1.18327288303506,2.26502512253531,TRUE
"IST-1","RSBP","ITAL","NEW",3437,453,5.12094008777355,0.185520789497278,0.201370317284059,0.0947801518470918,1.0147890369419,2.76259980179337,TRUE
"IST-1","RSBP","ITAL","NORW",3437,526,4.34517070440111,0.157416311412348,0.150681968349095,0.0808551758928502,1.14097154246725,2.6075828796667,TRUE
"IST-1","RSBP","ITAL","POLA",3437,759,3.91659584548985,0.141889953981662,0.0897510636944384,0.0635435581862572,1.18619662547842,2.26131804822587,TRUE
"IST-1","RSBP","ITAL","PORT",3437,415,2.81085984905581,0.10183148590394,0.104503208186088,0.06027391497909,1.06078692488378,2.75238159504471,TRUE
"IST-1","RSBP","ITAL","SING",3437,140,3.90648821646785,0.141523776036994,0.15656520117429,0.0781786441664242,1.06650688256802,4.61157186499855,FALSE
"IST-1","RSBP","ITAL","SPAI",3437,478,3.86549279743086,0.140038599023564,0.141506663889034,0.0845743405202796,1.05416712308407,2.63478798894141,TRUE
"IST-1","RSBP","ITAL","SWED",3437,636,6.31357654309466,0.228727476742589,0.234813884465443,0.126268795186675,1.07833858263638,2.51447513005894,TRUE
"IST-1","RSBP","ITAL","SWIT",3437,1631,3.98696962242499,0.144439446542233,0.1378395279129,0.076735000705526,1.11367974009292,1.71430188519032,TRUE
"IST-1","RSBP","ITAL","TURK",3437,286,4.73043046566468,0.171373454797367,0.113489236757476,0.0953944222783327,1.1396302907989,3.4345570926019,TRUE
"IST-1","RSBP","ITAL","UK",3437,6257,2.55872645215188,0.0926972281210913,0.0731454887622868,0.0626300231259174,1.07498079691356,1.28895972617738,TRUE
"IST-1","RSBP","ITAL","USA",3437,131,7.15797106921312,0.25931809808313,0.241265820353053,0.13034179017295,1.02772407863898,4.74768182797442,TRUE
"IST-1","RSBP","NETH","NEW",728,453,13.0849404458676,0.474039617811198,0.469974438448588,0.206741382238071,1.20077234941462,3.77767129393785,TRUE
"IST-1","RSBP","NETH","NORW",728,526,4.46285463585844,0.161679750449105,0.12920110927633,0.0844545188651653,1.03707484279261,3.59131351063385,TRUE
"IST-1","RSBP","NETH","POLA",728,759,5.56928216710825,0.201763271365326,0.180093017256584,0.110880061967018,1.00247089448705,3.4008420022007,TRUE
"IST-1","RSBP","NETH","PORT",728,415,10.7278564808685,0.388647468986407,0.373365464433374,0.1483781278962,1.11546707003831,4.03959403548259,TRUE
"IST-1","RSBP","NETH","SING",728,140,11.9527472527473,0.433022661656483,0.434254888246437,0.198901098901099,1.261968673713,5.5867445054945,TRUE
"IST-1","RSBP","NETH","SPAI",728,478,11.6909053289806,0.423536684553051,0.408015370800524,0.205296795254954,1.12247181412116,3.72870361855717,TRUE
"IST-1","RSBP","NETH","SWED",728,636,2.67330154122607,0.0968480403972422,0.0597513679797925,0.053623263528924,1.09731108771248,3.47167046789688,FALSE
"IST-1","RSBP","NETH","SWIT",728,1631,4.47268075272367,0.16203572980588,0.144420548399331,0.0844102249681649,1.06248936784675,2.75120590246663,TRUE
"IST-1","RSBP","NETH","TURK",728,286,11.0844155844156,0.401564848463355,0.373169931076751,0.191808191808192,1.03829539508428,4.32025474525474,TRUE
"IST-1","RSBP","NETH","UK",728,6257,9.91501650020109,0.359200001848798,0.343023226142468,0.143709814238822,1.10073862382698,2.32247031676171,TRUE
"IST-1","RSBP","NETH","USA",728,131,14.7220451304421,0.533348445558878,0.502113458070223,0.239870816206694,1.15135269050237,5.90197131113162,TRUE
"IST-1","RSBP","NEW","NORW",453,526,9.24505409647555,0.334928686046957,0.339162364840613,0.151457541191381,1.15784541275846,3.63431391064219,TRUE
"IST-1","RSBP","NEW","POLA",453,759,7.63719254159795,0.276679274815727,0.273623232066893,0.112556605502186,1.20373933119299,3.551090664782,TRUE
"IST-1","RSBP","NEW","PORT",453,415,2.91737546211335,0.105690320471328,0.0900391475549178,0.064581504827256,1.07647494190337,3.63769594936035,FALSE
"IST-1","RSBP","NEW","SING",453,140,2.03774834437086,0.0738232971221533,0.0500569587916691,0.0434563229265216,1.05096413514869,5.05368732261116,FALSE
"IST-1","RSBP","NEW","SPAI",453,478,1.99294337147977,0.0722001080588784,0.053429995703092,0.043217231474041,1.0697572396103,3.52950691346394,FALSE
"IST-1","RSBP","NEW","SWED",453,636,11.3648319380232,0.411723737733208,0.429936191977708,0.198810862593194,1.09428617177087,3.64349618892915,TRUE
"IST-1","RSBP","NEW","SWIT",453,1631,8.84973262249219,0.320607028167436,0.328853842771752,0.131044078376597,1.1301499909106,3.13261931154521,TRUE
"IST-1","RSBP","NEW","TURK",453,286,3.14760956482811,0.114031213309894,0.0734403243360207,0.0556507510149894,1.15648432526964,4.280085753099,FALSE
"IST-1","RSBP","NEW","UK",453,6257,3.28207524570274,0.118902619506524,0.120222987038474,0.0689258935069984,1.09087872763095,2.842303825014,TRUE
"IST-1","RSBP","NEW","USA",453,131,3.07802099657921,0.111510167193314,0.0444227914746095,0.0591813693274691,1.04292312800406,5.2728881249684,FALSE
"IST-1","RSBP","NORW","POLA",526,759,2.5051147948321,0.090754991574335,0.0542963301608109,0.0637671140233548,1.03963734530432,3.70055644058371,FALSE
"IST-1","RSBP","NORW","PORT",526,415,6.88797013147648,0.249536537222165,0.244531805145744,0.0968390672957992,1.07558974917819,4.09679623436713,TRUE
"IST-1","RSBP","NORW","SING",526,140,8.01857686040196,0.290496019146584,0.300128570991088,0.158120586637697,1.21685400285558,5.85165806626833,TRUE
"IST-1","RSBP","NORW","SPAI",526,478,7.85101897958859,0.28442575278881,0.279528671775027,0.164516282991552,1.08234407759675,3.98072171754936,TRUE
"IST-1","RSBP","NORW","SWED",526,636,3.5714123442619,0.129384688430491,0.0743470837418488,0.0588636200588277,1.05808283301682,3.62156210392902,FALSE
"IST-1","RSBP","NORW","SWIT",526,1631,1.26244949912928,0.0457358656349238,0.0139854804718609,0.0268642485307249,1.02450597006645,3.09949137784326,FALSE
"IST-1","RSBP","NORW","TURK",526,286,7.24452923502353,0.262453916699114,0.248463278343118,0.15102767954479,1.0011769182332,4.40350248610705,TRUE
"IST-1","RSBP","NORW","UK",526,6257,6.07513015080904,0.220089070084557,0.214340513930574,0.0965941719418738,1.06138783664151,2.73068733360841,TRUE
"IST-1","RSBP","NORW","USA",526,131,10.6042579746321,0.384169757459882,0.374171920240755,0.180913128029489,1.11019247887842,6.29939627898877,TRUE
"IST-1","RSBP","POLA","PORT",759,415,5.32016127752115,0.192738150328115,0.18323924083936,0.0795910916392845,1.11822327147215,3.72671016080131,TRUE
"IST-1","RSBP","POLA","SING",759,140,6.91727837380011,0.250598312630872,0.234036598200505,0.108102766798419,1.2650868651517,5.68327122153209,TRUE
"IST-1","RSBP","POLA","SPAI",759,478,6.23525228637108,0.225889955175242,0.21731226262525,0.109891896957569,1.12524532353853,3.53581333619991,TRUE
"IST-1","RSBP","POLA","SWED",759,636,5.01181420439008,0.181567390376631,0.128554178486375,0.110093966738758,1.10002242762968,3.21727974991921,TRUE
"IST-1","RSBP","POLA","SWIT",759,1631,2.28388542476992,0.0827403210860172,0.0412190614398597,0.055052430309008,1.06511466696831,2.82095673499853,FALSE
"IST-1","RSBP","POLA","TURK",759,286,5.62876254180602,0.203918119085547,0.189256190491907,0.0934934630586804,1.04086091345192,4.43184351880004,TRUE
"IST-1","RSBP","POLA","UK",759,6257,4.45936345759153,0.161553272470989,0.154068955252485,0.0628140751133434,1.10345843282427,2.34421815419168,TRUE
"IST-1","RSBP","POLA","USA",759,131,9.23340272958594,0.334506581756137,0.309152391452724,0.153275201399994,1.15419756151798,5.84356978346357,TRUE
"IST-1","RSBP","PORT","SING",415,140,2.88640275387263,0.104568244995497,0.0439870285367977,0.0690189328743545,1.13133655632672,5.54901893287435,FALSE
"IST-1","RSBP","PORT","SPAI",415,478,2.51269849271563,0.0910297328512385,0.035616139118196,0.0754146292282099,1.00627965116227,3.87494782477189,FALSE
"IST-1","RSBP","PORT","SWED",415,636,9.01506024096386,0.326596496854601,0.329012081416413,0.143494733651587,1.01654588432501,3.83379309691596,TRUE
"IST-1","RSBP","PORT","SWIT",415,1631,6.48480125283476,0.234930584529041,0.233193831499791,0.0963353105863061,1.04986186572288,3.474324791502,TRUE
"IST-1","RSBP","PORT","TURK",415,286,3.31175330693403,0.119977792669265,0.0126662912968033,0.0619260257814475,1.07432535607823,4.64870418737888,FALSE
"IST-1","RSBP","PORT","UK",415,6257,1.57415636655621,0.0570283438021326,0.0297675460273475,0.0362038853833104,1.01338051186042,2.92453342858408,FALSE
"IST-1","RSBP","PORT","USA",415,131,5.26984272969742,0.190915216148334,0.131088330284383,0.11509243079187,1.03217093666676,5.83068978202888,FALSE
"IST-1","RSBP","SING","SPAI",140,478,2.61046025104603,0.0945714338430932,0.00638766567146444,0.0462343096234309,1.1242764921461,5.46990286909743,FALSE
"IST-1","RSBP","SING","SWED",140,636,10.1557502246182,0.367921273694782,0.391855199470001,0.2044474393531,1.15005552012035,5.58018194070081,TRUE
"IST-1","RSBP","SING","SWIT",140,1631,7.66768853464133,0.27778407991185,0.289137597400586,0.144144696505211,1.18774710778567,5.15539546290619,TRUE
"IST-1","RSBP","SING","TURK",140,286,3.84375624375624,0.139251129822685,0.028835957916182,0.0653846153846154,1.21542354872003,6.08524475524476,FALSE
"IST-1","RSBP","SING","UK",140,6257,3.21200027397886,0.116363952024502,0.0751744668676743,0.0714605356286673,1.14647441853677,5.17451899586749,FALSE
"IST-1","RSBP","SING","USA",140,131,3.84383860414395,0.139254113564711,0.0944085912421959,0.101581243184297,1.09607480324935,6.74410850599782,FALSE
"IST-1","RSBP","SPAI","SWED",478,636,9.97175732217574,0.361255601388928,0.36534422587223,0.210843135706955,1.02292943786901,3.49310215520644,TRUE
"IST-1","RSBP","SPAI","SWIT",478,1631,7.44785010094687,0.269819800095686,0.268621224745657,0.150540392859067,1.05645463200819,3.16249092504278,TRUE
"IST-1","RSBP","SPAI","TURK",478,286,2.3387365772303,0.0847274619107226,0.0216072366663998,0.0477660414898908,1.08107174454919,4.56917298182988,FALSE
"IST-1","RSBP","SPAI","UK",478,6257,2.16519941180522,0.0784405787633009,0.0652365186369976,0.0778562319825227,1.01974418796955,2.71522119493949,FALSE
"IST-1","RSBP","SPAI","USA",478,131,4.07362100354531,0.147578642151034,0.0953319987332844,0.0796096968922674,1.02572971188932,5.5541649365997,FALSE
"IST-1","RSBP","SWED","SWIT",636,1631,3.04089496354052,0.110165169821311,0.0896772045993865,0.0741182050599817,1.0327737113608,2.95662772964073,TRUE
"IST-1","RSBP","SWED","TURK",636,286,9.62183885297093,0.348578797998561,0.329775418223765,0.197354532260193,1.05683901990474,4.38904099045609,TRUE
"IST-1","RSBP","SWED","UK",636,6257,8.18871316955199,0.296659696489935,0.297328434374689,0.139085984703421,1.00312357740014,2.39868852545527,TRUE
"IST-1","RSBP","SWED","USA",636,131,13.1167002736569,0.475190208957507,0.464066602944235,0.226379086850065,1.04924911758848,5.78679665370397,TRUE
"IST-1","RSBP","SWIT","TURK",1631,286,6.89059438415662,0.249631608326438,0.237462099797493,0.137051789412304,1.02330162772272,4.01438561438561,TRUE
"IST-1","RSBP","SWIT","UK",1631,6257,5.67196127216732,0.205483117391433,0.202669575448015,0.101812444617516,1.03599965998506,1.63249603362689,TRUE
"IST-1","RSBP","SWIT","USA",1631,131,10.554130140737,0.382353732440917,0.364437325955937,0.175492953791286,1.0836369053139,5.46698016952088,TRUE
"IST-1","RSBP","TURK","UK",286,6257,2.82962857823014,0.102511437122779,0.0412840118566897,0.0643676285357603,1.0601401383829,3.56987086351398,FALSE
"IST-1","RSBP","TURK","USA",286,131,4.86926813644371,0.176403248908098,0.113316752509052,0.0924838520258368,1.10888740906812,6.16419153365718,FALSE
"IST-1","RSBP","UK","USA",6257,131,5.48738939105759,0.198796469917421,0.160415530434863,0.0961610019678724,1.04598191212681,5.23150285420787,TRUE
