"set","n","method","measure","type","value","mc_se"
"Set1_Gaussian",150,"W1","precision_at_k","overall",0.992666666666666,0.000892686332867736
"Set1_Gaussian",150,"W1","false_pooling_at_k","overall",0.022,0.00267805899860328
"Set1_Gaussian",150,"W1","harm_maxW1","overall",0.101246333333333,0.012375293392525
"Set1_Gaussian",150,"W1","auc","location",0.997888888888889,0.000435743534643138
"Set1_Gaussian",150,"W1","auc","scale",0.999666666666667,0.000135946612614614
"Set1_Gaussian",150,"W1","auc","combined",0.996222222222223,0.000624743568793099
"Set1_Gaussian",150,"SMD","precision_at_k","overall",0.598888888888897,0.00375806403184982
"Set1_Gaussian",150,"SMD","false_pooling_at_k","overall",0.895666666666667,0.00558115546247337
"Set1_Gaussian",150,"SMD","harm_maxW1","overall",6.13872866666654,0.0464624528782092
"Set1_Gaussian",150,"SMD","auc","location",0.997777777777778,0.000435559334828295
"Set1_Gaussian",150,"SMD","auc","scale",0.503833333333332,0.00536489877713362
"Set1_Gaussian",150,"SMD","auc","combined",0.978555555555556,0.00163708438007578
"Set1_Gaussian",150,"KS","precision_at_k","overall",0.942111111111108,0.00245079897948789
"Set1_Gaussian",150,"KS","false_pooling_at_k","overall",0.165333333333333,0.00678228629647904
"Set1_Gaussian",150,"KS","harm_maxW1","overall",0.797628666666664,0.0331295002449725
"Set1_Gaussian",150,"KS","auc","location",0.994416666666668,0.000693628965639651
"Set1_Gaussian",150,"KS","auc","scale",0.970611111111111,0.00154931253837387
"Set1_Gaussian",150,"KS","auc","combined",0.983916666666667,0.00131856783745642
"Set1_Gaussian",150,"RV1","precision_at_k","overall",0.676888888888902,0.00377970321302988
"Set1_Gaussian",150,"RV1","false_pooling_at_k","overall",0.793333333333333,0.00739268908123775
"Set1_Gaussian",150,"RV1","harm_maxW1","overall",5.17057266666662,0.0547167384750866
"Set1_Gaussian",150,"RV1","auc","location",0.997944444444445,0.000425076850955046
"Set1_Gaussian",150,"RV1","auc","scale",0.622999999999999,0.00521869502632366
"Set1_Gaussian",150,"RV1","auc","combined",0.985222222222223,0.00132917716432202
"Set1_Gaussian",150,"RV2","precision_at_k","overall",0.993333333333333,0.000852012867230226
"Set1_Gaussian",150,"RV2","false_pooling_at_k","overall",0.02,0.00255603860169077
"Set1_Gaussian",150,"RV2","harm_maxW1","overall",0.093129,0.0119515599031953
"Set1_Gaussian",150,"RV2","auc","location",0.997777777777778,0.000442588718408234
"Set1_Gaussian",150,"RV2","auc","scale",0.999888888888889,7.8541226625457e-05
"Set1_Gaussian",150,"RV2","auc","combined",0.997388888888889,0.000485161506348508
"Set1_Gaussian",150,"RV3","precision_at_k","overall",0.760333333333339,0.00397230691440277
"Set1_Gaussian",150,"RV3","false_pooling_at_k","overall",0.610333333333333,0.00890368005481545
"Set1_Gaussian",150,"RV3","harm_maxW1","overall",2.93824733333335,0.0436811361300127
"Set1_Gaussian",150,"RV3","auc","location",0.877666666666668,0.00301218308101827
"Set1_Gaussian",150,"RV3","auc","scale",0.918055555555558,0.0023894002467328
"Set1_Gaussian",150,"RV3","auc","combined",0.859055555555557,0.00336720919109853
"Set1_Gaussian",200,"W1","precision_at_k","overall",0.996777777777778,0.000595452589219507
"Set1_Gaussian",200,"W1","false_pooling_at_k","overall",0.00966666666666667,0.00178635776765856
"Set1_Gaussian",200,"W1","harm_maxW1","overall",0.0442836666666667,0.00820959124438988
"Set1_Gaussian",200,"W1","auc","location",0.998944444444445,0.000253857077186513
"Set1_Gaussian",200,"W1","auc","scale",0.999833333333333,9.61769203081523e-05
"Set1_Gaussian",200,"W1","auc","combined",0.998722222222222,0.000308439254412289
"Set1_Gaussian",200,"SMD","precision_at_k","overall",0.601444444444452,0.00380730886887828
"Set1_Gaussian",200,"SMD","false_pooling_at_k","overall",0.885666666666667,0.00580979696209263
"Set1_Gaussian",200,"SMD","harm_maxW1","overall",6.07835466666655,0.0476901410690095
"Set1_Gaussian",200,"SMD","auc","location",0.999111111111111,0.000235142895001685
"Set1_Gaussian",200,"SMD","auc","scale",0.501,0.00538799878101305
"Set1_Gaussian",200,"SMD","auc","combined",0.987333333333334,0.00118461328794421
"Set1_Gaussian",200,"KS","precision_at_k","overall",0.968777777777776,0.00180766429564805
"Set1_Gaussian",200,"KS","false_pooling_at_k","overall",0.092,0.00527686775780229
"Set1_Gaussian",200,"KS","harm_maxW1","overall",0.437448333333334,0.025253263230261
"Set1_Gaussian",200,"KS","auc","location",0.998,0.000395062114197522
"Set1_Gaussian",200,"KS","auc","scale",0.986305555555556,0.000948513972033506
"Set1_Gaussian",200,"KS","auc","combined",0.99325,0.0007931598977861
"Set1_Gaussian",200,"RV1","precision_at_k","overall",0.678444444444459,0.00373547337252718
"Set1_Gaussian",200,"RV1","false_pooling_at_k","overall",0.794333333333333,0.00737942836288577
"Set1_Gaussian",200,"RV1","harm_maxW1","overall",5.17475266666663,0.0546193194152634
"Set1_Gaussian",200,"RV1","auc","location",0.999111111111111,0.000235142895001685
"Set1_Gaussian",200,"RV1","auc","scale",0.620333333333332,0.00520924747533241
"Set1_Gaussian",200,"RV1","auc","combined",0.992000000000001,0.000931426623816526
"Set1_Gaussian",200,"RV2","precision_at_k","overall",0.997666666666666,0.000507389834786326
"Set1_Gaussian",200,"RV2","false_pooling_at_k","overall",0.007,0.00152216950435883
"Set1_Gaussian",200,"RV2","harm_maxW1","overall",0.0332593333333333,0.00725225683064449
"Set1_Gaussian",200,"RV2","auc","location",0.998944444444445,0.000253857077186513
"Set1_Gaussian",200,"RV2","auc","scale",1,0
"Set1_Gaussian",200,"RV2","auc","combined",0.999388888888889,0.000199997427966518
"Set1_Gaussian",200,"RV3","precision_at_k","overall",0.775333333333337,0.00392077719682605
"Set1_Gaussian",200,"RV3","false_pooling_at_k","overall",0.579333333333333,0.00901306870091466
"Set1_Gaussian",200,"RV3","harm_maxW1","overall",2.77085266666667,0.043760582670403
"Set1_Gaussian",200,"RV3","auc","location",0.887055555555556,0.00289278778921099
"Set1_Gaussian",200,"RV3","auc","scale",0.921833333333336,0.00222160894315105
"Set1_Gaussian",200,"RV3","auc","combined",0.867111111111112,0.00323120332029914
"Set1_Gaussian",300,"W1","precision_at_k","overall",0.999444444444444,0.000248244867828551
"Set1_Gaussian",300,"W1","false_pooling_at_k","overall",0.00166666666666667,0.000744734603486121
"Set1_Gaussian",300,"W1","harm_maxW1","overall",0.00758733333333333,0.00340125540742216
"Set1_Gaussian",300,"W1","auc","location",0.999888888888889,7.8541226625457e-05
"Set1_Gaussian",300,"W1","auc","scale",1,0
"Set1_Gaussian",300,"W1","auc","combined",0.999777777777778,0.000136022268813144
"Set1_Gaussian",300,"SMD","precision_at_k","overall",0.605333333333339,0.00368586221214358
"Set1_Gaussian",300,"SMD","false_pooling_at_k","overall",0.892,0.00566674509749644
"Set1_Gaussian",300,"SMD","harm_maxW1","overall",6.1573623333332,0.0469825376628235
"Set1_Gaussian",300,"SMD","auc","location",0.999888888888889,7.8541226625457e-05
"Set1_Gaussian",300,"SMD","auc","scale",0.507722222222223,0.00534274622668892
"Set1_Gaussian",300,"SMD","auc","combined",0.997,0.000530047750003281
"Set1_Gaussian",300,"KS","precision_at_k","overall",0.992777777777778,0.000899874248187536
"Set1_Gaussian",300,"KS","false_pooling_at_k","overall",0.0213333333333333,0.0026380688784426
"Set1_Gaussian",300,"KS","harm_maxW1","overall",0.100381333333333,0.0124257836316922
"Set1_Gaussian",300,"KS","auc","location",0.999722222222222,0.000130190585209956
"Set1_Gaussian",300,"KS","auc","scale",0.996861111111111,0.000445089520287431
"Set1_Gaussian",300,"KS","auc","combined",0.998833333333333,0.000282476919192721
"Set1_Gaussian",300,"RV1","precision_at_k","overall",0.681000000000013,0.0036842222825378
"Set1_Gaussian",300,"RV1","false_pooling_at_k","overall",0.794333333333333,0.00737942836288577
"Set1_Gaussian",300,"RV1","harm_maxW1","overall",5.19684466666662,0.0547654774588024
"Set1_Gaussian",300,"RV1","auc","location",0.999888888888889,7.8541226625457e-05
"Set1_Gaussian",300,"RV1","auc","scale",0.625444444444445,0.00528639024389012
"Set1_Gaussian",300,"RV1","auc","combined",0.9985,0.000363271316487492
"Set1_Gaussian",300,"RV2","precision_at_k","overall",0.999666666666667,0.000192353840616593
"Set1_Gaussian",300,"RV2","false_pooling_at_k","overall",0.001,0.00057706152185014
"Set1_Gaussian",300,"RV2","harm_maxW1","overall",0.00475133333333333,0.00274931891555116
"Set1_Gaussian",300,"RV2","auc","location",0.999888888888889,7.8541226625457e-05
"Set1_Gaussian",300,"RV2","auc","scale",1,0
"Set1_Gaussian",300,"RV2","auc","combined",0.999944444444445,5.55462955239785e-05
"Set1_Gaussian",300,"RV3","precision_at_k","overall",0.78366666666667,0.00381905068677267
"Set1_Gaussian",300,"RV3","false_pooling_at_k","overall",0.567666666666667,0.00904472631283413
"Set1_Gaussian",300,"RV3","harm_maxW1","overall",2.69166533333333,0.0434357157033942
"Set1_Gaussian",300,"RV3","auc","location",0.896500000000002,0.00265859716558959
"Set1_Gaussian",300,"RV3","auc","scale",0.922944444444448,0.00215290764243709
"Set1_Gaussian",300,"RV3","auc","combined",0.868166666666667,0.00313972800976478
"Set1_Gaussian",400,"W1","precision_at_k","overall",0.999888888888889,0.000111092591049289
"Set1_Gaussian",400,"W1","false_pooling_at_k","overall",0.000333333333333333,0.000333277773147376
"Set1_Gaussian",400,"W1","harm_maxW1","overall",0.001418,0.00141776364696894
"Set1_Gaussian",400,"W1","auc","location",1,0
"Set1_Gaussian",400,"W1","auc","scale",1,0
"Set1_Gaussian",400,"W1","auc","combined",0.999944444444445,5.55462955239785e-05
"Set1_Gaussian",400,"SMD","precision_at_k","overall",0.604111111111117,0.00374057443707992
"Set1_Gaussian",400,"SMD","false_pooling_at_k","overall",0.888,0.00575777734894291
"Set1_Gaussian",400,"SMD","harm_maxW1","overall",6.12668799999987,0.0474672277635048
"Set1_Gaussian",400,"SMD","auc","location",1,0
"Set1_Gaussian",400,"SMD","auc","scale",0.4995,0.00544301937131808
"Set1_Gaussian",400,"SMD","auc","combined",0.998777777777778,0.000350654884090308
"Set1_Gaussian",400,"KS","precision_at_k","overall",0.998,0.000519876528550927
"Set1_Gaussian",400,"KS","false_pooling_at_k","overall",0.00533333333333333,0.00132977302435276
"Set1_Gaussian",400,"KS","harm_maxW1","overall",0.025424,0.0063418586713991
"Set1_Gaussian",400,"KS","auc","location",0.999888888888889,0.000111092591049289
"Set1_Gaussian",400,"KS","auc","scale",0.999055555555555,0.000268762979397491
"Set1_Gaussian",400,"KS","auc","combined",0.999777777777778,0.000136022268813144
"Set1_Gaussian",400,"RV1","precision_at_k","overall",0.68155555555557,0.00369519986707079
"Set1_Gaussian",400,"RV1","false_pooling_at_k","overall",0.793,0.00739709402400699
"Set1_Gaussian",400,"RV1","harm_maxW1","overall",5.16865099999995,0.0547084253633118
"Set1_Gaussian",400,"RV1","auc","location",1,0
"Set1_Gaussian",400,"RV1","auc","scale",0.619333333333333,0.00530374663752514
"Set1_Gaussian",400,"RV1","auc","combined",0.999333333333333,0.000283017252887631
"Set1_Gaussian",400,"RV2","precision_at_k","overall",1,0
"Set1_Gaussian",400,"RV2","false_pooling_at_k","overall",0,0
"Set1_Gaussian",400,"RV2","harm_maxW1","overall",0,0
"Set1_Gaussian",400,"RV2","auc","location",1,0
"Set1_Gaussian",400,"RV2","auc","scale",1,0
"Set1_Gaussian",400,"RV2","auc","combined",1,0
"Set1_Gaussian",400,"RV3","precision_at_k","overall",0.78355555555556,0.00385717011769794
"Set1_Gaussian",400,"RV3","false_pooling_at_k","overall",0.563666666666667,0.00905440142611234
"Set1_Gaussian",400,"RV3","harm_maxW1","overall",2.66586833333333,0.0432740988929761
"Set1_Gaussian",400,"RV3","auc","location",0.897055555555558,0.00268193756352417
"Set1_Gaussian",400,"RV3","auc","scale",0.926444444444447,0.00217283641974915
"Set1_Gaussian",400,"RV3","auc","combined",0.874666666666667,0.00307593607151415
"Set1_Gaussian",600,"W1","precision_at_k","overall",1,0
"Set1_Gaussian",600,"W1","false_pooling_at_k","overall",0,0
"Set1_Gaussian",600,"W1","harm_maxW1","overall",0,0
"Set1_Gaussian",600,"W1","auc","location",1,0
"Set1_Gaussian",600,"W1","auc","scale",1,0
"Set1_Gaussian",600,"W1","auc","combined",1,0
"Set1_Gaussian",600,"SMD","precision_at_k","overall",0.601111111111117,0.0037151120593009
"Set1_Gaussian",600,"SMD","false_pooling_at_k","overall",0.892666666666667,0.00565133874667141
"Set1_Gaussian",600,"SMD","harm_maxW1","overall",6.1724353333332,0.0469131323351511
"Set1_Gaussian",600,"SMD","auc","location",1,0
"Set1_Gaussian",600,"SMD","auc","scale",0.50338888888889,0.00542051420806512
"Set1_Gaussian",600,"SMD","auc","combined",0.999888888888889,7.85412266249858e-05
"Set1_Gaussian",600,"KS","precision_at_k","overall",0.999888888888889,0.000111092591049289
"Set1_Gaussian",600,"KS","false_pooling_at_k","overall",0.000333333333333333,0.000333277773147376
"Set1_Gaussian",600,"KS","harm_maxW1","overall",0.001418,0.00141776364696894
"Set1_Gaussian",600,"KS","auc","location",1,0
"Set1_Gaussian",600,"KS","auc","scale",1,0
"Set1_Gaussian",600,"KS","auc","combined",0.999944444444445,5.55462955239785e-05
"Set1_Gaussian",600,"RV1","precision_at_k","overall",0.677555555555569,0.00372975798815329
"Set1_Gaussian",600,"RV1","false_pooling_at_k","overall",0.795333333333333,0.00736609852007203
"Set1_Gaussian",600,"RV1","harm_maxW1","overall",5.20110066666662,0.0546737905110334
"Set1_Gaussian",600,"RV1","auc","location",1,0
"Set1_Gaussian",600,"RV1","auc","scale",0.621555555555555,0.00526290848878398
"Set1_Gaussian",600,"RV1","auc","combined",1,0
"Set1_Gaussian",600,"RV2","precision_at_k","overall",1,0
"Set1_Gaussian",600,"RV2","false_pooling_at_k","overall",0,0
"Set1_Gaussian",600,"RV2","harm_maxW1","overall",0,0
"Set1_Gaussian",600,"RV2","auc","location",1,0
"Set1_Gaussian",600,"RV2","auc","scale",1,0
"Set1_Gaussian",600,"RV2","auc","combined",1,0
"Set1_Gaussian",600,"RV3","precision_at_k","overall",0.787444444444447,0.00388276289987128
"Set1_Gaussian",600,"RV3","false_pooling_at_k","overall",0.551,0.00908109758417634
"Set1_Gaussian",600,"RV3","harm_maxW1","overall",2.59691499999999,0.0432712088259428
"Set1_Gaussian",600,"RV3","auc","location",0.899222222222224,0.00259458997133153
"Set1_Gaussian",600,"RV3","auc","scale",0.922000000000003,0.00219351457091841
"Set1_Gaussian",600,"RV3","auc","combined",0.876166666666668,0.00305447101964797
"Set1_Gaussian",1000,"W1","precision_at_k","overall",1,0
"Set1_Gaussian",1000,"W1","false_pooling_at_k","overall",0,0
"Set1_Gaussian",1000,"W1","harm_maxW1","overall",0,0
"Set1_Gaussian",1000,"W1","auc","location",1,0
"Set1_Gaussian",1000,"W1","auc","scale",1,0
"Set1_Gaussian",1000,"W1","auc","combined",1,0
"Set1_Gaussian",1000,"SMD","precision_at_k","overall",0.604777777777785,0.00372111702774183
"Set1_Gaussian",1000,"SMD","false_pooling_at_k","overall",0.888666666666667,0.00574277001171102
"Set1_Gaussian",1000,"SMD","harm_maxW1","overall",6.1415833333332,0.0474038089903835
"Set1_Gaussian",1000,"SMD","auc","location",1,0
"Set1_Gaussian",1000,"SMD","auc","scale",0.503833333333333,0.00534588020677474
"Set1_Gaussian",1000,"SMD","auc","combined",1,0
"Set1_Gaussian",1000,"KS","precision_at_k","overall",1,0
"Set1_Gaussian",1000,"KS","false_pooling_at_k","overall",0,0
"Set1_Gaussian",1000,"KS","harm_maxW1","overall",0,0
"Set1_Gaussian",1000,"KS","auc","location",1,0
"Set1_Gaussian",1000,"KS","auc","scale",1,0
"Set1_Gaussian",1000,"KS","auc","combined",1,0
"Set1_Gaussian",1000,"RV1","precision_at_k","overall",0.681000000000013,0.00374405372178244
"Set1_Gaussian",1000,"RV1","false_pooling_at_k","overall",0.788333333333333,0.00745796864409447
"Set1_Gaussian",1000,"RV1","harm_maxW1","overall",5.18142366666661,0.0553417827891373
"Set1_Gaussian",1000,"RV1","auc","location",1,0
"Set1_Gaussian",1000,"RV1","auc","scale",0.621666666666667,0.00524736853510472
"Set1_Gaussian",1000,"RV1","auc","combined",1,0
"Set1_Gaussian",1000,"RV2","precision_at_k","overall",1,0
"Set1_Gaussian",1000,"RV2","false_pooling_at_k","overall",0,0
"Set1_Gaussian",1000,"RV2","harm_maxW1","overall",0,0
"Set1_Gaussian",1000,"RV2","auc","location",1,0
"Set1_Gaussian",1000,"RV2","auc","scale",1,0
"Set1_Gaussian",1000,"RV2","auc","combined",1,0
"Set1_Gaussian",1000,"RV3","precision_at_k","overall",0.79177777777778,0.00375709151146276
"Set1_Gaussian",1000,"RV3","false_pooling_at_k","overall",0.553,0.00907727932808063
"Set1_Gaussian",1000,"RV3","harm_maxW1","overall",2.60049599999999,0.0430829172023129
"Set1_Gaussian",1000,"RV3","auc","location",0.90366666666667,0.00248932783827505
"Set1_Gaussian",1000,"RV3","auc","scale",0.924000000000003,0.00214028958465077
"Set1_Gaussian",1000,"RV3","auc","combined",0.880611111111112,0.00298638870371979
"Set1_Gaussian",1500,"W1","precision_at_k","overall",1,0
"Set1_Gaussian",1500,"W1","false_pooling_at_k","overall",0,0
"Set1_Gaussian",1500,"W1","harm_maxW1","overall",0,0
"Set1_Gaussian",1500,"W1","auc","location",1,0
"Set1_Gaussian",1500,"W1","auc","scale",1,0
"Set1_Gaussian",1500,"W1","auc","combined",1,0
"Set1_Gaussian",1500,"SMD","precision_at_k","overall",0.604222222222229,0.00370638199457449
"Set1_Gaussian",1500,"SMD","false_pooling_at_k","overall",0.890666666666667,0.00569735481182731
"Set1_Gaussian",1500,"SMD","harm_maxW1","overall",6.1160453333332,0.0470885321753242
"Set1_Gaussian",1500,"SMD","auc","location",1,0
"Set1_Gaussian",1500,"SMD","auc","scale",0.5035,0.00539938182332709
"Set1_Gaussian",1500,"SMD","auc","combined",1,0
"Set1_Gaussian",1500,"KS","precision_at_k","overall",1,0
"Set1_Gaussian",1500,"KS","false_pooling_at_k","overall",0,0
"Set1_Gaussian",1500,"KS","harm_maxW1","overall",0,0
"Set1_Gaussian",1500,"KS","auc","location",1,0
"Set1_Gaussian",1500,"KS","auc","scale",1,0
"Set1_Gaussian",1500,"KS","auc","combined",1,0
"Set1_Gaussian",1500,"RV1","precision_at_k","overall",0.68366666666668,0.00372047554374336
"Set1_Gaussian",1500,"RV1","false_pooling_at_k","overall",0.786333333333333,0.00748360925004823
"Set1_Gaussian",1500,"RV1","harm_maxW1","overall",5.11971366666662,0.0551132864733486
"Set1_Gaussian",1500,"RV1","auc","location",1,0
"Set1_Gaussian",1500,"RV1","auc","scale",0.625666666666666,0.00525064722641827
"Set1_Gaussian",1500,"RV1","auc","combined",1,0
"Set1_Gaussian",1500,"RV2","precision_at_k","overall",1,0
"Set1_Gaussian",1500,"RV2","false_pooling_at_k","overall",0,0
"Set1_Gaussian",1500,"RV2","harm_maxW1","overall",0,0
"Set1_Gaussian",1500,"RV2","auc","location",1,0
"Set1_Gaussian",1500,"RV2","auc","scale",1,0
"Set1_Gaussian",1500,"RV2","auc","combined",1,0
"Set1_Gaussian",1500,"RV3","precision_at_k","overall",0.789666666666668,0.0038944674274157
"Set1_Gaussian",1500,"RV3","false_pooling_at_k","overall",0.545333333333333,0.0090911108395122
"Set1_Gaussian",1500,"RV3","harm_maxW1","overall",2.57121366666666,0.0432857629507283
"Set1_Gaussian",1500,"RV3","auc","location",0.897777777777779,0.00263960029396999
"Set1_Gaussian",1500,"RV3","auc","scale",0.92427777777778,0.00216861996473167
"Set1_Gaussian",1500,"RV3","auc","combined",0.880277777777779,0.00301896866672916
"Set1_Gaussian",2000,"W1","precision_at_k","overall",1,0
"Set1_Gaussian",2000,"W1","false_pooling_at_k","overall",0,0
"Set1_Gaussian",2000,"W1","harm_maxW1","overall",0,0
"Set1_Gaussian",2000,"W1","auc","location",1,0
"Set1_Gaussian",2000,"W1","auc","scale",1,0
"Set1_Gaussian",2000,"W1","auc","combined",1,0
"Set1_Gaussian",2000,"SMD","precision_at_k","overall",0.600888888888896,0.00371047676991468
"Set1_Gaussian",2000,"SMD","false_pooling_at_k","overall",0.893333333333333,0.0056358639943635
"Set1_Gaussian",2000,"SMD","harm_maxW1","overall",6.15434666666654,0.0467942925288385
"Set1_Gaussian",2000,"SMD","auc","location",1,0
"Set1_Gaussian",2000,"SMD","auc","scale",0.493722222222223,0.00536182887154533
"Set1_Gaussian",2000,"SMD","auc","combined",1,0
"Set1_Gaussian",2000,"KS","precision_at_k","overall",1,0
"Set1_Gaussian",2000,"KS","false_pooling_at_k","overall",0,0
"Set1_Gaussian",2000,"KS","harm_maxW1","overall",0,0
"Set1_Gaussian",2000,"KS","auc","location",1,0
"Set1_Gaussian",2000,"KS","auc","scale",1,0
"Set1_Gaussian",2000,"KS","auc","combined",1,0
"Set1_Gaussian",2000,"RV1","precision_at_k","overall",0.67766666666668,0.00367126479366075
"Set1_Gaussian",2000,"RV1","false_pooling_at_k","overall",0.801,0.0072892386433701
"Set1_Gaussian",2000,"RV1","harm_maxW1","overall",5.21758699999995,0.0541292516926885
"Set1_Gaussian",2000,"RV1","auc","location",1,0
"Set1_Gaussian",2000,"RV1","auc","scale",0.620000000000001,0.00519639000997806
"Set1_Gaussian",2000,"RV1","auc","combined",1,0
"Set1_Gaussian",2000,"RV2","precision_at_k","overall",1,0
"Set1_Gaussian",2000,"RV2","false_pooling_at_k","overall",0,0
"Set1_Gaussian",2000,"RV2","harm_maxW1","overall",0,0
"Set1_Gaussian",2000,"RV2","auc","location",1,0
"Set1_Gaussian",2000,"RV2","auc","scale",1,0
"Set1_Gaussian",2000,"RV2","auc","combined",1,0
"Set1_Gaussian",2000,"RV3","precision_at_k","overall",0.789888888888891,0.00390479234943067
"Set1_Gaussian",2000,"RV3","false_pooling_at_k","overall",0.543,0.00909488867441488
"Set1_Gaussian",2000,"RV3","harm_maxW1","overall",2.55344566666666,0.0431441288771896
"Set1_Gaussian",2000,"RV3","auc","location",0.898333333333336,0.00259016420662392
"Set1_Gaussian",2000,"RV3","auc","scale",0.924555555555559,0.00211642508585213
"Set1_Gaussian",2000,"RV3","auc","combined",0.879,0.00299730949311615
"Set2_LogNormal",150,"W1","precision_at_k","overall",0.891444444444441,0.00328262102945842
"Set2_LogNormal",150,"W1","false_pooling_at_k","overall",0.290666666666667,0.00829014586834988
"Set2_LogNormal",150,"W1","harm_maxW1","overall",1.631938,0.0475885627021032
"Set2_LogNormal",150,"W1","auc","location",0.916111111111111,0.00331939989122385
"Set2_LogNormal",150,"W1","auc","shape",0.993055555555556,0.000719635681718447
"Set2_LogNormal",150,"W1","auc","combined",0.976944444444445,0.00146311825242313
"Set2_LogNormal",150,"SMD","precision_at_k","overall",0.490888888888888,0.00448833696643637
"Set2_LogNormal",150,"SMD","false_pooling_at_k","overall",0.940666666666667,0.0043132697917353
"Set2_LogNormal",150,"SMD","harm_maxW1","overall",10.0643923333334,0.0767840814052366
"Set2_LogNormal",150,"SMD","auc","location",0.912833333333336,0.00348648758480625
"Set2_LogNormal",150,"SMD","auc","shape",0.498111111111112,0.00528788933909852
"Set2_LogNormal",150,"SMD","auc","combined",0.705277777777777,0.00543309237896342
"Set2_LogNormal",150,"SMD_log","precision_at_k","overall",0.529111111111114,0.00422677921725738
"Set2_LogNormal",150,"SMD_log","false_pooling_at_k","overall",0.929,0.00468895866193479
"Set2_LogNormal",150,"SMD_log","harm_maxW1","overall",7.66064566666636,0.0516544127924212
"Set2_LogNormal",150,"SMD_log","auc","location",0.921111111111112,0.00326970128636458
"Set2_LogNormal",150,"SMD_log","auc","shape",0.850166666666668,0.00392223677995342
"Set2_LogNormal",150,"SMD_log","auc","combined",0.502722222222222,0.00525174858201772
"Set2_LogNormal",150,"KS","precision_at_k","overall",0.776222222222224,0.00413347470885161
"Set2_LogNormal",150,"KS","false_pooling_at_k","overall",0.558333333333333,0.0090663705016988
"Set2_LogNormal",150,"KS","harm_maxW1","overall",3.51645866666664,0.060305497839357
"Set2_LogNormal",150,"KS","auc","location",0.893833333333334,0.00371649351863715
"Set2_LogNormal",150,"KS","auc","shape",0.962027777777779,0.00174361791872524
"Set2_LogNormal",150,"KS","auc","combined",0.860888888888888,0.00359333001213761
"Set2_LogNormal",150,"RV1","precision_at_k","overall",0.563444444444448,0.00452608307298214
"Set2_LogNormal",150,"RV1","false_pooling_at_k","overall",0.886333333333333,0.00579501382096585
"Set2_LogNormal",150,"RV1","harm_maxW1","overall",8.61410266666666,0.0822595206758497
"Set2_LogNormal",150,"RV1","auc","location",0.918111111111113,0.00334893324947824
"Set2_LogNormal",150,"RV1","auc","shape",0.615944444444444,0.00520657930958453
"Set2_LogNormal",150,"RV1","auc","combined",0.769999999999999,0.00505060807975681
"Set2_LogNormal",150,"RV2","precision_at_k","overall",0.842444444444444,0.00385502504622087
"Set2_LogNormal",150,"RV2","false_pooling_at_k","overall",0.403666666666667,0.00895767620328861
"Set2_LogNormal",150,"RV2","harm_maxW1","overall",2.42479399999998,0.0551257716244226
"Set2_LogNormal",150,"RV2","auc","location",0.914944444444446,0.00339283907603661
"Set2_LogNormal",150,"RV2","auc","shape",0.959166666666668,0.00177510650002048
"Set2_LogNormal",150,"RV2","auc","combined",0.93577777777778,0.00263789727957867
"Set2_LogNormal",150,"RV3","precision_at_k","overall",0.749888888888893,0.00434613446336547
"Set2_LogNormal",150,"RV3","false_pooling_at_k","overall",0.601666666666667,0.00893800665489588
"Set2_LogNormal",150,"RV3","harm_maxW1","overall",3.78741066666666,0.0593027739074454
"Set2_LogNormal",150,"RV3","auc","location",0.86638888888889,0.00379855059535989
"Set2_LogNormal",150,"RV3","auc","shape",0.906222222222223,0.00290711062415315
"Set2_LogNormal",150,"RV3","auc","combined",0.884333333333334,0.00349915862902873
"Set2_LogNormal",200,"W1","precision_at_k","overall",0.932444444444441,0.0026730910268562
"Set2_LogNormal",200,"W1","false_pooling_at_k","overall",0.187333333333333,0.00712365906809966
"Set2_LogNormal",200,"W1","harm_maxW1","overall",1.01974433333333,0.0393844456281124
"Set2_LogNormal",200,"W1","auc","location",0.949000000000001,0.00254653722765819
"Set2_LogNormal",200,"W1","auc","shape",0.997722222222223,0.000445968451890819
"Set2_LogNormal",200,"W1","auc","combined",0.988000000000001,0.00101902882838748
"Set2_LogNormal",200,"SMD","precision_at_k","overall",0.515333333333333,0.0044216805921797
"Set2_LogNormal",200,"SMD","false_pooling_at_k","overall",0.925666666666667,0.00478915054711824
"Set2_LogNormal",200,"SMD","harm_maxW1","overall",10.0951120000001,0.0803467939181662
"Set2_LogNormal",200,"SMD","auc","location",0.945277777777779,0.00271119744094436
"Set2_LogNormal",200,"SMD","auc","shape",0.509111111111112,0.00540833680496001
"Set2_LogNormal",200,"SMD","auc","combined",0.748277777777776,0.005236882397266
"Set2_LogNormal",200,"SMD_log","precision_at_k","overall",0.55466666666667,0.00420950130473497
"Set2_LogNormal",200,"SMD_log","false_pooling_at_k","overall",0.913,0.00514558062807298
"Set2_LogNormal",200,"SMD_log","harm_maxW1","overall",7.49856433333303,0.0530688960185064
"Set2_LogNormal",200,"SMD_log","auc","location",0.952222222222222,0.00250275568288808
"Set2_LogNormal",200,"SMD_log","auc","shape",0.887388888888888,0.0034709658467725
"Set2_LogNormal",200,"SMD_log","auc","combined",0.506277777777776,0.00536067749157932
"Set2_LogNormal",200,"KS","precision_at_k","overall",0.840333333333331,0.00370964209115106
"Set2_LogNormal",200,"KS","false_pooling_at_k","overall",0.421,0.00901404459718278
"Set2_LogNormal",200,"KS","harm_maxW1","overall",2.53551866666665,0.0561011575152466
"Set2_LogNormal",200,"KS","auc","location",0.933750000000001,0.00289541530422641
"Set2_LogNormal",200,"KS","auc","shape",0.980361111111111,0.00124671904805068
"Set2_LogNormal",200,"KS","auc","combined",0.911749999999999,0.0028096171095839
"Set2_LogNormal",200,"RV1","precision_at_k","overall",0.592111111111115,0.00444016414259244
"Set2_LogNormal",200,"RV1","false_pooling_at_k","overall",0.856666666666667,0.00639762687483645
"Set2_LogNormal",200,"RV1","harm_maxW1","overall",8.47117633333336,0.087190440431483
"Set2_LogNormal",200,"RV1","auc","location",0.94988888888889,0.00255965773817965
"Set2_LogNormal",200,"RV1","auc","shape",0.626055555555556,0.00527832735929966
"Set2_LogNormal",200,"RV1","auc","combined",0.808499999999999,0.00470696784525795
"Set2_LogNormal",200,"RV2","precision_at_k","overall",0.890444444444444,0.00344611906722778
"Set2_LogNormal",200,"RV2","false_pooling_at_k","overall",0.284,0.00823294196100843
"Set2_LogNormal",200,"RV2","harm_maxW1","overall",1.68174166666666,0.0496719675233781
"Set2_LogNormal",200,"RV2","auc","location",0.947444444444445,0.00262918958237697
"Set2_LogNormal",200,"RV2","auc","shape",0.976055555555557,0.00132529948474928
"Set2_LogNormal",200,"RV2","auc","combined",0.954777777777778,0.00221187498437397
"Set2_LogNormal",200,"RV3","precision_at_k","overall",0.799777777777777,0.00413297290344011
"Set2_LogNormal",200,"RV3","false_pooling_at_k","overall",0.498666666666667,0.00912867683406203
"Set2_LogNormal",200,"RV3","harm_maxW1","overall",3.08519033333331,0.0585653482267832
"Set2_LogNormal",200,"RV3","auc","location",0.906555555555558,0.00316372117722745
"Set2_LogNormal",200,"RV3","auc","shape",0.928944444444446,0.00252011639126235
"Set2_LogNormal",200,"RV3","auc","combined",0.90938888888889,0.00312214297381891
"Set2_LogNormal",300,"W1","precision_at_k","overall",0.967777777777777,0.00184580494223324
"Set2_LogNormal",300,"W1","false_pooling_at_k","overall",0.0943333333333333,0.00533649559029005
"Set2_LogNormal",300,"W1","harm_maxW1","overall",0.484039333333333,0.0274805023271221
"Set2_LogNormal",300,"W1","auc","location",0.975833333333334,0.00162344417447985
"Set2_LogNormal",300,"W1","auc","shape",0.999722222222222,0.000146898666116931
"Set2_LogNormal",300,"W1","auc","combined",0.997,0.000493876077823849
"Set2_LogNormal",300,"SMD","precision_at_k","overall",0.546000000000004,0.00427000448144995
"Set2_LogNormal",300,"SMD","false_pooling_at_k","overall",0.912,0.00517223356007828
"Set2_LogNormal",300,"SMD","harm_maxW1","overall",10.1037550000001,0.0835841060708108
"Set2_LogNormal",300,"SMD","auc","location",0.973277777777779,0.00175319784248526
"Set2_LogNormal",300,"SMD","auc","shape",0.505166666666666,0.0054682351521321
"Set2_LogNormal",300,"SMD","auc","combined",0.822222222222222,0.00465960665253779
"Set2_LogNormal",300,"SMD_log","precision_at_k","overall",0.584333333333339,0.00403988295882226
"Set2_LogNormal",300,"SMD_log","false_pooling_at_k","overall",0.893666666666667,0.00562810079143209
"Set2_LogNormal",300,"SMD_log","harm_maxW1","overall",7.33618433333303,0.0558476597431564
"Set2_LogNormal",300,"SMD_log","auc","location",0.976388888888889,0.00162616688082073
"Set2_LogNormal",300,"SMD_log","auc","shape",0.930944444444446,0.00270115639768775
"Set2_LogNormal",300,"SMD_log","auc","combined",0.513333333333334,0.00538023359904076
"Set2_LogNormal",300,"KS","precision_at_k","overall",0.906666666666665,0.00293299661366987
"Set2_LogNormal",300,"KS","false_pooling_at_k","overall",0.264666666666667,0.0080543615973422
"Set2_LogNormal",300,"KS","harm_maxW1","overall",1.52381833333332,0.0471727898051313
"Set2_LogNormal",300,"KS","auc","location",0.963027777777778,0.00209468751659516
"Set2_LogNormal",300,"KS","auc","shape",0.993666666666667,0.000733181802526024
"Set2_LogNormal",300,"KS","auc","combined",0.95563888888889,0.00195134957782925
"Set2_LogNormal",300,"RV1","precision_at_k","overall",0.623555555555565,0.0042771553178673
"Set2_LogNormal",300,"RV1","false_pooling_at_k","overall",0.833,0.00680957658987204
"Set2_LogNormal",300,"RV1","harm_maxW1","overall",8.38623400000005,0.0910267985984434
"Set2_LogNormal",300,"RV1","auc","location",0.976055555555557,0.0016302310548444
"Set2_LogNormal",300,"RV1","auc","shape",0.621944444444444,0.00536707833326371
"Set2_LogNormal",300,"RV1","auc","combined",0.869055555555555,0.00412205138410054
"Set2_LogNormal",300,"RV2","precision_at_k","overall",0.943333333333331,0.0025850949787931
"Set2_LogNormal",300,"RV2","false_pooling_at_k","overall",0.152333333333333,0.00656068819786687
"Set2_LogNormal",300,"RV2","harm_maxW1","overall",0.872412999999998,0.0379542494199602
"Set2_LogNormal",300,"RV2","auc","location",0.974722222222223,0.00170148053419025
"Set2_LogNormal",300,"RV2","auc","shape",0.988666666666668,0.00095924352911369
"Set2_LogNormal",300,"RV2","auc","combined",0.981111111111112,0.0013579517376581
"Set2_LogNormal",300,"RV3","precision_at_k","overall",0.858555555555555,0.00367645774676945
"Set2_LogNormal",300,"RV3","false_pooling_at_k","overall",0.367666666666667,0.00880317913954743
"Set2_LogNormal",300,"RV3","harm_maxW1","overall",2.22093899999998,0.0543454511352422
"Set2_LogNormal",300,"RV3","auc","location",0.944611111111113,0.00230783934189077
"Set2_LogNormal",300,"RV3","auc","shape",0.949555555555557,0.00214532125617048
"Set2_LogNormal",300,"RV3","auc","combined",0.944388888888891,0.00234586559524239
"Set2_LogNormal",400,"W1","precision_at_k","overall",0.984444444444444,0.00129322387216543
"Set2_LogNormal",400,"W1","false_pooling_at_k","overall",0.0463333333333333,0.00383781863196424
"Set2_LogNormal",400,"W1","harm_maxW1","overall",0.232761333333333,0.0192873091525509
"Set2_LogNormal",400,"W1","auc","location",0.988444444444445,0.00109372320660851
"Set2_LogNormal",400,"W1","auc","shape",1,0
"Set2_LogNormal",400,"W1","auc","combined",0.9995,0.000200100283499727
"Set2_LogNormal",400,"SMD","precision_at_k","overall",0.557777777777782,0.00417497936221175
"Set2_LogNormal",400,"SMD","false_pooling_at_k","overall",0.908666666666667,0.00525964370008576
"Set2_LogNormal",400,"SMD","harm_maxW1","overall",10.1451743333335,0.0847325609365566
"Set2_LogNormal",400,"SMD","auc","location",0.985555555555557,0.00121394503641581
"Set2_LogNormal",400,"SMD","auc","shape",0.502444444444444,0.00542267605872422
"Set2_LogNormal",400,"SMD","auc","combined",0.860277777777779,0.00416725613114272
"Set2_LogNormal",400,"SMD_log","precision_at_k","overall",0.589111111111117,0.00386436500248401
"Set2_LogNormal",400,"SMD_log","false_pooling_at_k","overall",0.9,0.00547722557505166
"Set2_LogNormal",400,"SMD_log","harm_maxW1","overall",7.40932033333302,0.0547409484889037
"Set2_LogNormal",400,"SMD_log","auc","location",0.988833333333334,0.00109365877044529
"Set2_LogNormal",400,"SMD_log","auc","shape",0.950444444444446,0.00226812226319925
"Set2_LogNormal",400,"SMD_log","auc","combined",0.509333333333334,0.00536005804280352
"Set2_LogNormal",400,"KS","precision_at_k","overall",0.943666666666663,0.00237610792871197
"Set2_LogNormal",400,"KS","false_pooling_at_k","overall",0.163,0.00674366369268219
"Set2_LogNormal",400,"KS","harm_maxW1","overall",0.909619999999996,0.0379096193286669
"Set2_LogNormal",400,"KS","auc","location",0.980750000000001,0.00137237881472634
"Set2_LogNormal",400,"KS","auc","shape",0.998083333333333,0.000396174803979933
"Set2_LogNormal",400,"KS","auc","combined",0.975472222222223,0.00137355526418986
"Set2_LogNormal",400,"RV1","precision_at_k","overall",0.640333333333343,0.00415780836142806
"Set2_LogNormal",400,"RV1","false_pooling_at_k","overall",0.819666666666667,0.00701933572883318
"Set2_LogNormal",400,"RV1","harm_maxW1","overall",8.30150666666673,0.0928646778979848
"Set2_LogNormal",400,"RV1","auc","location",0.987888888888889,0.00110576305515926
"Set2_LogNormal",400,"RV1","auc","shape",0.624388888888889,0.00530314362473093
"Set2_LogNormal",400,"RV1","auc","combined",0.899444444444446,0.00356161231811133
"Set2_LogNormal",400,"RV2","precision_at_k","overall",0.965444444444442,0.00199616813991162
"Set2_LogNormal",400,"RV2","false_pooling_at_k","overall",0.0966666666666667,0.00539512811779363
"Set2_LogNormal",400,"RV2","harm_maxW1","overall",0.547731333333332,0.0308127975351056
"Set2_LogNormal",400,"RV2","auc","location",0.986277777777778,0.0011793800247575
"Set2_LogNormal",400,"RV2","auc","shape",0.994555555555556,0.000610602481935348
"Set2_LogNormal",400,"RV2","auc","combined",0.988500000000001,0.00100110587000637
"Set2_LogNormal",400,"RV3","precision_at_k","overall",0.899888888888886,0.00324017921061014
"Set2_LogNormal",400,"RV3","false_pooling_at_k","overall",0.266666666666667,0.00807373427759331
"Set2_LogNormal",400,"RV3","harm_maxW1","overall",1.60483633333333,0.0493877918817997
"Set2_LogNormal",400,"RV3","auc","location",0.96588888888889,0.0017832681423405
"Set2_LogNormal",400,"RV3","auc","shape",0.96327777777778,0.00188017570976347
"Set2_LogNormal",400,"RV3","auc","combined",0.961444444444445,0.00198408378788881
"Set2_LogNormal",600,"W1","precision_at_k","overall",0.995666666666666,0.000689363635697524
"Set2_LogNormal",600,"W1","false_pooling_at_k","overall",0.013,0.00206809090709282
"Set2_LogNormal",600,"W1","harm_maxW1","overall",0.065,0.0103404545354641
"Set2_LogNormal",600,"W1","auc","location",0.996222222222222,0.000663089166551896
"Set2_LogNormal",600,"W1","auc","shape",1,0
"Set2_LogNormal",600,"W1","auc","combined",0.999944444444444,5.5546295525311e-05
"Set2_LogNormal",600,"SMD","precision_at_k","overall",0.578222222222229,0.00392018308130395
"Set2_LogNormal",600,"SMD","false_pooling_at_k","overall",0.907666666666667,0.00528544822725216
"Set2_LogNormal",600,"SMD","harm_maxW1","overall",10.1919470000001,0.0850215206916938
"Set2_LogNormal",600,"SMD","auc","location",0.995444444444444,0.000715262765034605
"Set2_LogNormal",600,"SMD","auc","shape",0.507000000000001,0.00530975924217634
"Set2_LogNormal",600,"SMD","auc","combined",0.918222222222223,0.00322209706014833
"Set2_LogNormal",600,"SMD_log","precision_at_k","overall",0.595777777777785,0.0037223360955487
"Set2_LogNormal",600,"SMD_log","false_pooling_at_k","overall",0.902,0.00542819798214226
"Set2_LogNormal",600,"SMD_log","harm_maxW1","overall",7.47209599999968,0.0546178111591779
"Set2_LogNormal",600,"SMD_log","auc","location",0.996666666666667,0.000600411381604503
"Set2_LogNormal",600,"SMD_log","auc","shape",0.976611111111112,0.0015534903619028
"Set2_LogNormal",600,"SMD_log","auc","combined",0.504555555555555,0.00530075660412103
"Set2_LogNormal",600,"KS","precision_at_k","overall",0.979444444444444,0.00151368924949347
"Set2_LogNormal",600,"KS","false_pooling_at_k","overall",0.0596666666666667,0.00432460231526382
"Set2_LogNormal",600,"KS","harm_maxW1","overall",0.331728000000001,0.0241300338491451
"Set2_LogNormal",600,"KS","auc","location",0.993277777777778,0.000869794332626643
"Set2_LogNormal",600,"KS","auc","shape",0.999777777777778,0.000111037012328768
"Set2_LogNormal",600,"KS","auc","combined",0.991888888888889,0.000763549756369493
"Set2_LogNormal",600,"RV1","precision_at_k","overall",0.659111111111123,0.00389437496635717
"Set2_LogNormal",600,"RV1","false_pooling_at_k","overall",0.813333333333333,0.00711388834656599
"Set2_LogNormal",600,"RV1","harm_maxW1","overall",8.24564966666672,0.0935968719947424
"Set2_LogNormal",600,"RV1","auc","location",0.996222222222222,0.000644201742293002
"Set2_LogNormal",600,"RV1","auc","shape",0.627333333333334,0.00520710341033503
"Set2_LogNormal",600,"RV1","auc","combined",0.942333333333334,0.00271986973181104
"Set2_LogNormal",600,"RV2","precision_at_k","overall",0.988777777777777,0.00116322066029051
"Set2_LogNormal",600,"RV2","false_pooling_at_k","overall",0.0316666666666667,0.00319707621058621
"Set2_LogNormal",600,"RV2","harm_maxW1","overall",0.179094666666667,0.0181869799127308
"Set2_LogNormal",600,"RV2","auc","location",0.995611111111111,0.000700351910366234
"Set2_LogNormal",600,"RV2","auc","shape",0.998555555555556,0.000303145376578979
"Set2_LogNormal",600,"RV2","auc","combined",0.995777777777778,0.000608769926199151
"Set2_LogNormal",600,"RV3","precision_at_k","overall",0.942555555555553,0.00257217702544066
"Set2_LogNormal",600,"RV3","false_pooling_at_k","overall",0.155666666666667,0.00661902700693376
"Set2_LogNormal",600,"RV3","harm_maxW1","overall",0.931502999999999,0.0399768072094766
"Set2_LogNormal",600,"RV3","auc","location",0.983555555555556,0.00119514794097694
"Set2_LogNormal",600,"RV3","auc","shape",0.979055555555558,0.00142684109640846
"Set2_LogNormal",600,"RV3","auc","combined",0.978277777777779,0.00149695129136581
"Set2_LogNormal",1000,"W1","precision_at_k","overall",0.999222222222222,0.000293629199835335
"Set2_LogNormal",1000,"W1","false_pooling_at_k","overall",0.00233333333333333,0.000880887599505728
"Set2_LogNormal",1000,"W1","harm_maxW1","overall",0.0116666666666667,0.00440443799752864
"Set2_LogNormal",1000,"W1","auc","location",0.999333333333333,0.000260294230477395
"Set2_LogNormal",1000,"W1","auc","shape",1,0
"Set2_LogNormal",1000,"W1","auc","combined",1,0
"Set2_LogNormal",1000,"SMD","precision_at_k","overall",0.595888888888896,0.00379040970889841
"Set2_LogNormal",1000,"SMD","false_pooling_at_k","overall",0.899333333333333,0.00549341693571766
"Set2_LogNormal",1000,"SMD","harm_maxW1","overall",10.1499543333335,0.0865466767272144
"Set2_LogNormal",1000,"SMD","auc","location",0.999388888888889,0.000199997427966795
"Set2_LogNormal",1000,"SMD","auc","shape",0.504277777777778,0.00531507977788367
"Set2_LogNormal",1000,"SMD","auc","combined",0.964444444444445,0.00213254229161164
"Set2_LogNormal",1000,"SMD_log","precision_at_k","overall",0.608444444444452,0.00370264281102049
"Set2_LogNormal",1000,"SMD_log","false_pooling_at_k","overall",0.887333333333333,0.00577272000847922
"Set2_LogNormal",1000,"SMD_log","harm_maxW1","overall",7.33379166666635,0.0569397414219773
"Set2_LogNormal",1000,"SMD_log","auc","location",0.9995,0.000184030660354852
"Set2_LogNormal",1000,"SMD_log","auc","shape",0.9935,0.000766660627995212
"Set2_LogNormal",1000,"SMD_log","auc","combined",0.515222222222223,0.00533882086517733
"Set2_LogNormal",1000,"KS","precision_at_k","overall",0.996333333333333,0.00063476446492052
"Set2_LogNormal",1000,"KS","false_pooling_at_k","overall",0.011,0.00190429339476178
"Set2_LogNormal",1000,"KS","harm_maxW1","overall",0.0593786666666667,0.0103094734095214
"Set2_LogNormal",1000,"KS","auc","location",0.998861111111111,0.000302305527053537
"Set2_LogNormal",1000,"KS","auc","shape",1,0
"Set2_LogNormal",1000,"KS","auc","combined",0.998944444444445,0.000259865033028273
"Set2_LogNormal",1000,"RV1","precision_at_k","overall",0.674444444444458,0.00375214616226944
"Set2_LogNormal",1000,"RV1","false_pooling_at_k","overall",0.801666666666667,0.00728004629614909
"Set2_LogNormal",1000,"RV1","harm_maxW1","overall",8.23705000000007,0.0953802221034321
"Set2_LogNormal",1000,"RV1","auc","location",0.999555555555555,0.000175494597949761
"Set2_LogNormal",1000,"RV1","auc","shape",0.625555555555555,0.00517516227057151
"Set2_LogNormal",1000,"RV1","auc","combined",0.977166666666667,0.00166730820985966
"Set2_LogNormal",1000,"RV2","precision_at_k","overall",0.997555555555556,0.000542498411747685
"Set2_LogNormal",1000,"RV2","false_pooling_at_k","overall",0.007,0.00152216950435883
"Set2_LogNormal",1000,"RV2","harm_maxW1","overall",0.039173,0.00855754346379718
"Set2_LogNormal",1000,"RV2","auc","location",0.999444444444444,0.000207622243232085
"Set2_LogNormal",1000,"RV2","auc","shape",0.999777777777778,0.000136022268813688
"Set2_LogNormal",1000,"RV2","auc","combined",0.999111111111111,0.000282813611932934
"Set2_LogNormal",1000,"RV3","precision_at_k","overall",0.977333333333332,0.00168555225957335
"Set2_LogNormal",1000,"RV3","false_pooling_at_k","overall",0.0616666666666667,0.00439180634397317
"Set2_LogNormal",1000,"RV3","harm_maxW1","overall",0.372143333333334,0.0267399536988851
"Set2_LogNormal",1000,"RV3","auc","location",0.994944444444445,0.000609188051674967
"Set2_LogNormal",1000,"RV3","auc","shape",0.990666666666667,0.000982237305062161
"Set2_LogNormal",1000,"RV3","auc","combined",0.992388888888889,0.000883217439403643
"Set2_LogNormal",1500,"W1","precision_at_k","overall",0.999888888888889,0.000111092591049289
"Set2_LogNormal",1500,"W1","false_pooling_at_k","overall",0.000333333333333333,0.000333277773147376
"Set2_LogNormal",1500,"W1","harm_maxW1","overall",0.00166666666666667,0.00166638886573688
"Set2_LogNormal",1500,"W1","auc","location",0.999944444444445,5.55462955239785e-05
"Set2_LogNormal",1500,"W1","auc","shape",1,0
"Set2_LogNormal",1500,"W1","auc","combined",1,0
"Set2_LogNormal",1500,"SMD","precision_at_k","overall",0.598111111111119,0.00378447717521268
"Set2_LogNormal",1500,"SMD","false_pooling_at_k","overall",0.892,0.00566674509749644
"Set2_LogNormal",1500,"SMD","harm_maxW1","overall",10.3007566666668,0.0878635099321315
"Set2_LogNormal",1500,"SMD","auc","location",0.999944444444445,5.55462955239785e-05
"Set2_LogNormal",1500,"SMD","auc","shape",0.495833333333333,0.00540550845017738
"Set2_LogNormal",1500,"SMD","auc","combined",0.987055555555556,0.00117707482516281
"Set2_LogNormal",1500,"SMD_log","precision_at_k","overall",0.609555555555564,0.00362081545052243
"Set2_LogNormal",1500,"SMD_log","false_pooling_at_k","overall",0.894,0.00562032027557149
"Set2_LogNormal",1500,"SMD_log","harm_maxW1","overall",7.39027766666634,0.055966647208382
"Set2_LogNormal",1500,"SMD_log","auc","location",0.999944444444445,5.55462955239785e-05
"Set2_LogNormal",1500,"SMD_log","auc","shape",0.998444444444445,0.000358919274025812
"Set2_LogNormal",1500,"SMD_log","auc","combined",0.513611111111112,0.00528011400534737
"Set2_LogNormal",1500,"KS","precision_at_k","overall",0.999888888888889,0.000111092591049289
"Set2_LogNormal",1500,"KS","false_pooling_at_k","overall",0.000333333333333333,0.000333277773147376
"Set2_LogNormal",1500,"KS","harm_maxW1","overall",0.00166666666666667,0.00166638886573688
"Set2_LogNormal",1500,"KS","auc","location",0.999944444444445,5.55462955239785e-05
"Set2_LogNormal",1500,"KS","auc","shape",1,0
"Set2_LogNormal",1500,"KS","auc","combined",1,0
"Set2_LogNormal",1500,"RV1","precision_at_k","overall",0.672666666666679,0.00379900571787312
"Set2_LogNormal",1500,"RV1","false_pooling_at_k","overall",0.797,0.00734372748223498
"Set2_LogNormal",1500,"RV1","harm_maxW1","overall",8.42818833333342,0.0973287123107329
"Set2_LogNormal",1500,"RV1","auc","location",0.999944444444445,5.55462955239785e-05
"Set2_LogNormal",1500,"RV1","auc","shape",0.616222222222221,0.00533309567371696
"Set2_LogNormal",1500,"RV1","auc","combined",0.992944444444444,0.00085998791741898
"Set2_LogNormal",1500,"RV2","precision_at_k","overall",0.999888888888889,0.000111092591049289
"Set2_LogNormal",1500,"RV2","false_pooling_at_k","overall",0.000333333333333333,0.000333277773147376
"Set2_LogNormal",1500,"RV2","harm_maxW1","overall",0.00194033333333333,0.00194000991749088
"Set2_LogNormal",1500,"RV2","auc","location",0.999944444444445,5.55462955239785e-05
"Set2_LogNormal",1500,"RV2","auc","shape",1,0
"Set2_LogNormal",1500,"RV2","auc","combined",0.999944444444445,5.55462955239785e-05
"Set2_LogNormal",1500,"RV3","precision_at_k","overall",0.992888888888888,0.000972680315358054
"Set2_LogNormal",1500,"RV3","false_pooling_at_k","overall",0.019,0.00249258901546163
"Set2_LogNormal",1500,"RV3","harm_maxW1","overall",0.118938333333333,0.0156972069900337
"Set2_LogNormal",1500,"RV3","auc","location",0.999,0.000259938264274929
"Set2_LogNormal",1500,"RV3","auc","shape",0.996833333333334,0.000538393242853293
"Set2_LogNormal",1500,"RV3","auc","combined",0.997444444444444,0.000513083954175818
"Set2_LogNormal",2000,"W1","precision_at_k","overall",1,0
"Set2_LogNormal",2000,"W1","false_pooling_at_k","overall",0,0
"Set2_LogNormal",2000,"W1","harm_maxW1","overall",0,0
"Set2_LogNormal",2000,"W1","auc","location",1,0
"Set2_LogNormal",2000,"W1","auc","shape",1,0
"Set2_LogNormal",2000,"W1","auc","combined",1,0
"Set2_LogNormal",2000,"SMD","precision_at_k","overall",0.597666666666675,0.0036825464217226
"Set2_LogNormal",2000,"SMD","false_pooling_at_k","overall",0.9,0.00547722557505166
"Set2_LogNormal",2000,"SMD","harm_maxW1","overall",10.2209013333335,0.0863557495819694
"Set2_LogNormal",2000,"SMD","auc","location",1,0
"Set2_LogNormal",2000,"SMD","auc","shape",0.497,0.00538029899577629
"Set2_LogNormal",2000,"SMD","auc","combined",0.993777777777778,0.000831142799950246
"Set2_LogNormal",2000,"SMD_log","precision_at_k","overall",0.60511111111112,0.00368462716787575
"Set2_LogNormal",2000,"SMD_log","false_pooling_at_k","overall",0.892,0.00566674509749644
"Set2_LogNormal",2000,"SMD_log","harm_maxW1","overall",7.34681133333302,0.0562127418584848
"Set2_LogNormal",2000,"SMD_log","auc","location",1,0
"Set2_LogNormal",2000,"SMD_log","auc","shape",0.999777777777778,0.000136022268813144
"Set2_LogNormal",2000,"SMD_log","auc","combined",0.506888888888889,0.0053641685773985
"Set2_LogNormal",2000,"KS","precision_at_k","overall",1,0
"Set2_LogNormal",2000,"KS","false_pooling_at_k","overall",0,0
"Set2_LogNormal",2000,"KS","harm_maxW1","overall",0,0
"Set2_LogNormal",2000,"KS","auc","location",1,0
"Set2_LogNormal",2000,"KS","auc","shape",1,0
"Set2_LogNormal",2000,"KS","auc","combined",1,0
"Set2_LogNormal",2000,"RV1","precision_at_k","overall",0.677444444444459,0.00368155842381605
"Set2_LogNormal",2000,"RV1","false_pooling_at_k","overall",0.800333333333333,0.00729839911416398
"Set2_LogNormal",2000,"RV1","harm_maxW1","overall",8.32246866666675,0.0960421510327936
"Set2_LogNormal",2000,"RV1","auc","location",1,0
"Set2_LogNormal",2000,"RV1","auc","shape",0.616666666666667,0.00527221929516342
"Set2_LogNormal",2000,"RV1","auc","combined",0.997277777777778,0.000521748208828107
"Set2_LogNormal",2000,"RV2","precision_at_k","overall",1,0
"Set2_LogNormal",2000,"RV2","false_pooling_at_k","overall",0,0
"Set2_LogNormal",2000,"RV2","harm_maxW1","overall",0,0
"Set2_LogNormal",2000,"RV2","auc","location",1,0
"Set2_LogNormal",2000,"RV2","auc","shape",1,0
"Set2_LogNormal",2000,"RV2","auc","combined",1,0
"Set2_LogNormal",2000,"RV3","precision_at_k","overall",0.997333333333333,0.00054214935758143
"Set2_LogNormal",2000,"RV3","false_pooling_at_k","overall",0.008,0.0016264480727442
"Set2_LogNormal",2000,"RV3","harm_maxW1","overall",0.0500883333333333,0.0102421608049586
"Set2_LogNormal",2000,"RV3","auc","location",0.999611111111111,0.000146814599917636
"Set2_LogNormal",2000,"RV3","auc","shape",0.998722222222223,0.00034615911325141
"Set2_LogNormal",2000,"RV3","auc","combined",0.999333333333333,0.000192064803878345
"Set3_Mixture",150,"W1","precision_at_k","overall",0.553444444444446,0.00450908502211071
"Set3_Mixture",150,"W1","false_pooling_at_k","overall",0.887,0.00578016724094842
"Set3_Mixture",150,"W1","harm_maxW1","overall",0.895942999999998,0.00738556260741948
"Set3_Mixture",150,"W1","auc","shape_sym",0.778111111111111,0.00349808354350776
"Set3_Mixture",150,"W1","auc","shape_skew",0.6815,0.00510362888323334
"Set3_Mixture",150,"W1","auc","combined",0.752388888888889,0.00461592241181855
"Set3_Mixture",150,"SMD","precision_at_k","overall",0.325333333333339,0.00431516418868462
"Set3_Mixture",150,"SMD","false_pooling_at_k","overall",0.987666666666667,0.00201504526187562
"Set3_Mixture",150,"SMD","harm_maxW1","overall",1.86404833333331,0.0158477227736416
"Set3_Mixture",150,"SMD","auc","shape_sym",0.493333333333333,0.00522021237919984
"Set3_Mixture",150,"SMD","auc","shape_skew",0.488,0.00533230545650585
"Set3_Mixture",150,"SMD","auc","combined",0.488444444444445,0.00529546121362636
"Set3_Mixture",150,"KS","precision_at_k","overall",0.513111111111111,0.00463129273831647
"Set3_Mixture",150,"KS","false_pooling_at_k","overall",0.913,0.00514558062807298
"Set3_Mixture",150,"KS","harm_maxW1","overall",0.984594333333329,0.00743387830067869
"Set3_Mixture",150,"KS","auc","shape_sym",0.790888888888889,0.00340928953654994
"Set3_Mixture",150,"KS","auc","shape_skew",0.631527777777777,0.005390577603865
"Set3_Mixture",150,"KS","auc","combined",0.712694444444444,0.00498189497285657
"Set3_Mixture",150,"RV1","precision_at_k","overall",0.324666666666672,0.00431473501754192
"Set3_Mixture",150,"RV1","false_pooling_at_k","overall",0.987666666666667,0.00201504526187562
"Set3_Mixture",150,"RV1","harm_maxW1","overall",1.86280933333331,0.0158423994708251
"Set3_Mixture",150,"RV1","auc","shape_sym",0.493111111111111,0.00523428708773918
"Set3_Mixture",150,"RV1","auc","shape_skew",0.488222222222223,0.00534345644213291
"Set3_Mixture",150,"RV1","auc","combined",0.488277777777779,0.00531018113274415
"Set3_Mixture",150,"RV2","precision_at_k","overall",0.31444444444445,0.00418752802336889
"Set3_Mixture",150,"RV2","false_pooling_at_k","overall",0.992333333333333,0.00159247071023708
"Set3_Mixture",150,"RV2","harm_maxW1","overall",1.98328699999998,0.0161532039955374
"Set3_Mixture",150,"RV2","auc","shape_sym",0.448055555555555,0.00518532820569958
"Set3_Mixture",150,"RV2","auc","shape_skew",0.496777777777777,0.005236056930656
"Set3_Mixture",150,"RV2","auc","combined",0.484944444444444,0.00513957042527672
"Set3_Mixture",150,"RV3","precision_at_k","overall",0.409444444444444,0.00434697520301604
"Set3_Mixture",150,"RV3","false_pooling_at_k","overall",0.971666666666667,0.00302933191510139
"Set3_Mixture",150,"RV3","harm_maxW1","overall",2.15171433333335,0.0186879572755147
"Set3_Mixture",150,"RV3","auc","shape_sym",0.426722222222222,0.00515113545755281
"Set3_Mixture",150,"RV3","auc","shape_skew",0.677500000000001,0.00499824814989179
"Set3_Mixture",150,"RV3","auc","combined",0.661944444444444,0.0051149115299137
"Set3_Mixture",200,"W1","precision_at_k","overall",0.606666666666675,0.00435010997448527
"Set3_Mixture",200,"W1","false_pooling_at_k","overall",0.850333333333333,0.0065132315470268
"Set3_Mixture",200,"W1","harm_maxW1","overall",0.810332666666666,0.00747697539857931
"Set3_Mixture",200,"W1","auc","shape_sym",0.798555555555556,0.00332562751280142
"Set3_Mixture",200,"W1","auc","shape_skew",0.739055555555554,0.00477230425057722
"Set3_Mixture",200,"W1","auc","combined",0.808,0.00420195721592194
"Set3_Mixture",200,"SMD","precision_at_k","overall",0.341666666666671,0.0043873063250839
"Set3_Mixture",200,"SMD","false_pooling_at_k","overall",0.985333333333333,0.00219480868988283
"Set3_Mixture",200,"SMD","harm_maxW1","overall",1.83631099999997,0.0158599136779112
"Set3_Mixture",200,"SMD","auc","shape_sym",0.499499999999999,0.00524786052820173
"Set3_Mixture",200,"SMD","auc","shape_skew",0.501666666666667,0.0051936868134351
"Set3_Mixture",200,"SMD","auc","combined",0.508722222222223,0.00539855480966176
"Set3_Mixture",200,"KS","precision_at_k","overall",0.554000000000004,0.00459101107775253
"Set3_Mixture",200,"KS","false_pooling_at_k","overall",0.887333333333333,0.00577272000847922
"Set3_Mixture",200,"KS","harm_maxW1","overall",0.912308666666667,0.0074163333870786
"Set3_Mixture",200,"KS","auc","shape_sym",0.803833333333333,0.00329609430300727
"Set3_Mixture",200,"KS","auc","shape_skew",0.674944444444443,0.00529823510874025
"Set3_Mixture",200,"KS","auc","combined",0.759805555555556,0.00460302702224153
"Set3_Mixture",200,"RV1","precision_at_k","overall",0.341444444444449,0.00438463037656453
"Set3_Mixture",200,"RV1","false_pooling_at_k","overall",0.985666666666667,0.00217009131058955
"Set3_Mixture",200,"RV1","harm_maxW1","overall",1.82763766666663,0.0158029081751986
"Set3_Mixture",200,"RV1","auc","shape_sym",0.498833333333332,0.00524370669245947
"Set3_Mixture",200,"RV1","auc","shape_skew",0.502000000000001,0.00518055719392291
"Set3_Mixture",200,"RV1","auc","combined",0.50838888888889,0.0054130043649663
"Set3_Mixture",200,"RV2","precision_at_k","overall",0.322666666666672,0.00424399066800588
"Set3_Mixture",200,"RV2","false_pooling_at_k","overall",0.990666666666667,0.00175558368472541
"Set3_Mixture",200,"RV2","harm_maxW1","overall",1.96969899999998,0.0164172208339532
"Set3_Mixture",200,"RV2","auc","shape_sym",0.446444444444445,0.00519978473755142
"Set3_Mixture",200,"RV2","auc","shape_skew",0.5055,0.00515193029868124
"Set3_Mixture",200,"RV2","auc","combined",0.493666666666667,0.00538908017988095
"Set3_Mixture",200,"RV3","precision_at_k","overall",0.434666666666667,0.00427561561519359
"Set3_Mixture",200,"RV3","false_pooling_at_k","overall",0.969666666666667,0.00313119903669623
"Set3_Mixture",200,"RV3","harm_maxW1","overall",2.14670700000001,0.0190160183688868
"Set3_Mixture",200,"RV3","auc","shape_sym",0.434166666666667,0.00521421519727148
"Set3_Mixture",200,"RV3","auc","shape_skew",0.705055555555556,0.00474791691382344
"Set3_Mixture",200,"RV3","auc","combined",0.689944444444444,0.00507246247047713
"Set3_Mixture",300,"W1","precision_at_k","overall",0.674444444444456,0.00420811483358807
"Set3_Mixture",300,"W1","false_pooling_at_k","overall",0.764,0.00775250497151297
"Set3_Mixture",300,"W1","harm_maxW1","overall",0.684660666666667,0.00769882268458829
"Set3_Mixture",300,"W1","auc","shape_sym",0.832222222222223,0.00315732866199061
"Set3_Mixture",300,"W1","auc","shape_skew",0.810111111111111,0.00430322828380575
"Set3_Mixture",300,"W1","auc","combined",0.875222222222224,0.00337039336581395
"Set3_Mixture",300,"SMD","precision_at_k","overall",0.334333333333338,0.00434467603815759
"Set3_Mixture",300,"SMD","false_pooling_at_k","overall",0.987666666666667,0.00201504526187562
"Set3_Mixture",300,"SMD","harm_maxW1","overall",1.84146699999997,0.0158663028975567
"Set3_Mixture",300,"SMD","auc","shape_sym",0.510777777777778,0.0053239079523198
"Set3_Mixture",300,"SMD","auc","shape_skew",0.506722222222222,0.00530435404273698
"Set3_Mixture",300,"SMD","auc","combined",0.502555555555555,0.00538152264774863
"Set3_Mixture",300,"KS","precision_at_k","overall",0.621333333333342,0.00448111538143359
"Set3_Mixture",300,"KS","false_pooling_at_k","overall",0.821333333333333,0.00699392328832416
"Set3_Mixture",300,"KS","harm_maxW1","overall",0.809800666666668,0.00790866764167741
"Set3_Mixture",300,"KS","auc","shape_sym",0.836194444444445,0.0032221580054258
"Set3_Mixture",300,"KS","auc","shape_skew",0.743277777777777,0.00500188842939138
"Set3_Mixture",300,"KS","auc","combined",0.829861111111112,0.00402670403951002
"Set3_Mixture",300,"RV1","precision_at_k","overall",0.334444444444449,0.00434040259079769
"Set3_Mixture",300,"RV1","false_pooling_at_k","overall",0.988,0.00198796378236627
"Set3_Mixture",300,"RV1","harm_maxW1","overall",1.8427513333333,0.0158435247498599
"Set3_Mixture",300,"RV1","auc","shape_sym",0.511111111111112,0.00532019987866729
"Set3_Mixture",300,"RV1","auc","shape_skew",0.506444444444444,0.00530126780395207
"Set3_Mixture",300,"RV1","auc","combined",0.502722222222222,0.00537489582634249
"Set3_Mixture",300,"RV2","precision_at_k","overall",0.324666666666672,0.00427448935654972
"Set3_Mixture",300,"RV2","false_pooling_at_k","overall",0.988666666666667,0.00193260522687975
"Set3_Mixture",300,"RV2","harm_maxW1","overall",1.97469733333332,0.0164014561791821
"Set3_Mixture",300,"RV2","auc","shape_sym",0.457888888888888,0.00511668737680297
"Set3_Mixture",300,"RV2","auc","shape_skew",0.511888888888889,0.00534510698903961
"Set3_Mixture",300,"RV2","auc","combined",0.490333333333334,0.00525460057097533
"Set3_Mixture",300,"RV3","precision_at_k","overall",0.456444444444443,0.00422336047035422
"Set3_Mixture",300,"RV3","false_pooling_at_k","overall",0.967666666666667,0.00322944210294848
"Set3_Mixture",300,"RV3","harm_maxW1","overall",2.18569900000002,0.01904996366633
"Set3_Mixture",300,"RV3","auc","shape_sym",0.446222222222221,0.00513871130824312
"Set3_Mixture",300,"RV3","auc","shape_skew",0.739388888888887,0.00457240774116171
"Set3_Mixture",300,"RV3","auc","combined",0.715944444444443,0.00487711450396332
"Set3_Mixture",400,"W1","precision_at_k","overall",0.717666666666676,0.00407457185511035
"Set3_Mixture",400,"W1","false_pooling_at_k","overall",0.697,0.00839029200922113
"Set3_Mixture",400,"W1","harm_maxW1","overall",0.598680666666663,0.00776937606588708
"Set3_Mixture",400,"W1","auc","shape_sym",0.847055555555556,0.00304931871902531
"Set3_Mixture",400,"W1","auc","shape_skew",0.855999999999999,0.00378125330323226
"Set3_Mixture",400,"W1","auc","combined",0.910444444444446,0.00279650281307438
"Set3_Mixture",400,"SMD","precision_at_k","overall",0.332888888888893,0.00438289980487648
"Set3_Mixture",400,"SMD","false_pooling_at_k","overall",0.988,0.00198796378236627
"Set3_Mixture",400,"SMD","harm_maxW1","overall",1.87110533333331,0.0159981967758688
"Set3_Mixture",400,"SMD","auc","shape_sym",0.49488888888889,0.00526143043342413
"Set3_Mixture",400,"SMD","auc","shape_skew",0.498111111111111,0.00531873426262105
"Set3_Mixture",400,"SMD","auc","combined",0.503944444444444,0.00524266673809711
"Set3_Mixture",400,"KS","precision_at_k","overall",0.659222222222232,0.00445762443885194
"Set3_Mixture",400,"KS","false_pooling_at_k","overall",0.767333333333333,0.0077143349008818
"Set3_Mixture",400,"KS","harm_maxW1","overall",0.722426999999999,0.00802278293371061
"Set3_Mixture",400,"KS","auc","shape_sym",0.847916666666668,0.00311620676444286
"Set3_Mixture",400,"KS","auc","shape_skew",0.785444444444442,0.00460619505902736
"Set3_Mixture",400,"KS","auc","combined",0.86188888888889,0.00359330424413826
"Set3_Mixture",400,"RV1","precision_at_k","overall",0.333000000000004,0.00437867588080388
"Set3_Mixture",400,"RV1","false_pooling_at_k","overall",0.987333333333333,0.00204174943142903
"Set3_Mixture",400,"RV1","harm_maxW1","overall",1.87403233333331,0.0160100819411595
"Set3_Mixture",400,"RV1","auc","shape_sym",0.494611111111112,0.00525928446133765
"Set3_Mixture",400,"RV1","auc","shape_skew",0.497666666666667,0.00533779096121977
"Set3_Mixture",400,"RV1","auc","combined",0.5035,0.00523570275448616
"Set3_Mixture",400,"RV2","precision_at_k","overall",0.320888888888893,0.00432594622014497
"Set3_Mixture",400,"RV2","false_pooling_at_k","overall",0.991333333333333,0.00169229189321815
"Set3_Mixture",400,"RV2","harm_maxW1","overall",2.00200733333332,0.016264286396337
"Set3_Mixture",400,"RV2","auc","shape_sym",0.443611111111111,0.00520552640412411
"Set3_Mixture",400,"RV2","auc","shape_skew",0.506777777777779,0.00536824185149401
"Set3_Mixture",400,"RV2","auc","combined",0.492388888888889,0.00525014510871384
"Set3_Mixture",400,"RV3","precision_at_k","overall",0.46311111111111,0.00416519776577089
"Set3_Mixture",400,"RV3","false_pooling_at_k","overall",0.968333333333333,0.00319707621058621
"Set3_Mixture",400,"RV3","harm_maxW1","overall",2.21273433333336,0.0192437777801407
"Set3_Mixture",400,"RV3","auc","shape_sym",0.433277777777778,0.00517120459814587
"Set3_Mixture",400,"RV3","auc","shape_skew",0.745777777777776,0.00448043575188213
"Set3_Mixture",400,"RV3","auc","combined",0.733611111111109,0.00464910440952822
"Set3_Mixture",600,"W1","precision_at_k","overall",0.79466666666667,0.00372119720546575
"Set3_Mixture",600,"W1","false_pooling_at_k","overall",0.550666666666667,0.00908171953044299
"Set3_Mixture",600,"W1","harm_maxW1","overall",0.447837333333332,0.00773256689175112
"Set3_Mixture",600,"W1","auc","shape_sym",0.885944444444445,0.00276556407450604
"Set3_Mixture",600,"W1","auc","shape_skew",0.916722222222222,0.00291759226935532
"Set3_Mixture",600,"W1","auc","combined",0.955388888888891,0.00195478493865021
"Set3_Mixture",600,"SMD","precision_at_k","overall",0.332777777777783,0.00427018325374609
"Set3_Mixture",600,"SMD","false_pooling_at_k","overall",0.987666666666667,0.00201504526187562
"Set3_Mixture",600,"SMD","harm_maxW1","overall",1.85260866666664,0.015912069662767
"Set3_Mixture",600,"SMD","auc","shape_sym",0.498388888888889,0.00527652606989256
"Set3_Mixture",600,"SMD","auc","shape_skew",0.499611111111112,0.00533014478374071
"Set3_Mixture",600,"SMD","auc","combined",0.501333333333334,0.00523986617490033
"Set3_Mixture",600,"KS","precision_at_k","overall",0.72844444444445,0.00431327933257439
"Set3_Mixture",600,"KS","false_pooling_at_k","overall",0.655333333333333,0.00867701092073293
"Set3_Mixture",600,"KS","harm_maxW1","overall",0.596528000000001,0.00846271079270009
"Set3_Mixture",600,"KS","auc","shape_sym",0.882999999999999,0.00285670534569011
"Set3_Mixture",600,"KS","auc","shape_skew",0.848555555555556,0.00410264694242053
"Set3_Mixture",600,"KS","auc","combined",0.910527777777778,0.00286161264032864
"Set3_Mixture",600,"RV1","precision_at_k","overall",0.332111111111116,0.00426435074106197
"Set3_Mixture",600,"RV1","false_pooling_at_k","overall",0.988333333333333,0.00196048935690009
"Set3_Mixture",600,"RV1","harm_maxW1","overall",1.8535033333333,0.0158908846826194
"Set3_Mixture",600,"RV1","auc","shape_sym",0.499444444444445,0.00526986736622601
"Set3_Mixture",600,"RV1","auc","shape_skew",0.498388888888889,0.0053277516123407
"Set3_Mixture",600,"RV1","auc","combined",0.500444444444446,0.00523166364809028
"Set3_Mixture",600,"RV2","precision_at_k","overall",0.320000000000005,0.00428203251612286
"Set3_Mixture",600,"RV2","false_pooling_at_k","overall",0.989333333333333,0.00187553449171953
"Set3_Mixture",600,"RV2","harm_maxW1","overall",1.98049566666665,0.0163353801232636
"Set3_Mixture",600,"RV2","auc","shape_sym",0.445722222222222,0.00519520899503166
"Set3_Mixture",600,"RV2","auc","shape_skew",0.49611111111111,0.00533922321379712
"Set3_Mixture",600,"RV2","auc","combined",0.487277777777778,0.00522030687885927
"Set3_Mixture",600,"RV3","precision_at_k","overall",0.473888888888888,0.00416569124385063
"Set3_Mixture",600,"RV3","false_pooling_at_k","overall",0.958333333333333,0.00364831264904547
"Set3_Mixture",600,"RV3","harm_maxW1","overall",2.19060900000003,0.0197502865812015
"Set3_Mixture",600,"RV3","auc","shape_sym",0.437444444444445,0.00517632748723882
"Set3_Mixture",600,"RV3","auc","shape_skew",0.760333333333333,0.00423334354037771
"Set3_Mixture",600,"RV3","auc","combined",0.748666666666667,0.00452762712769072
"Set3_Mixture",1000,"W1","precision_at_k","overall",0.882999999999998,0.00317668396093316
"Set3_Mixture",1000,"W1","false_pooling_at_k","overall",0.329,0.00857824768430787
"Set3_Mixture",1000,"W1","harm_maxW1","overall",0.253394000000001,0.00674469182470349
"Set3_Mixture",1000,"W1","auc","shape_sym",0.937666666666669,0.00209376794261554
"Set3_Mixture",1000,"W1","auc","shape_skew",0.966833333333335,0.00173222632028493
"Set3_Mixture",1000,"W1","auc","combined",0.985500000000001,0.00104865139731203
"Set3_Mixture",1000,"SMD","precision_at_k","overall",0.330222222222228,0.00435144174584551
"Set3_Mixture",1000,"SMD","false_pooling_at_k","overall",0.986,0.0021450718713678
"Set3_Mixture",1000,"SMD","harm_maxW1","overall",1.8728103333333,0.0159984190436978
"Set3_Mixture",1000,"SMD","auc","shape_sym",0.499111111111113,0.00527746041930838
"Set3_Mixture",1000,"SMD","auc","shape_skew",0.504833333333333,0.00537956725277798
"Set3_Mixture",1000,"SMD","auc","combined",0.4995,0.00534344325341533
"Set3_Mixture",1000,"KS","precision_at_k","overall",0.824222222222222,0.00399344936866316
"Set3_Mixture",1000,"KS","false_pooling_at_k","overall",0.446333333333333,0.00907597357291747
"Set3_Mixture",1000,"KS","harm_maxW1","overall",0.395100666666667,0.00836561277292449
"Set3_Mixture",1000,"KS","auc","shape_sym",0.932138888888891,0.00226581950172514
"Set3_Mixture",1000,"KS","auc","shape_skew",0.912638888888889,0.00334350204361158
"Set3_Mixture",1000,"KS","auc","combined",0.952305555555557,0.00208172227831402
"Set3_Mixture",1000,"RV1","precision_at_k","overall",0.331333333333339,0.00435732957069484
"Set3_Mixture",1000,"RV1","false_pooling_at_k","overall",0.986,0.0021450718713678
"Set3_Mixture",1000,"RV1","harm_maxW1","overall",1.8702863333333,0.0160014400568608
"Set3_Mixture",1000,"RV1","auc","shape_sym",0.498555555555557,0.00527332404675248
"Set3_Mixture",1000,"RV1","auc","shape_skew",0.506111111111111,0.00537368033373952
"Set3_Mixture",1000,"RV1","auc","combined",0.499388888888889,0.00534690393473114
"Set3_Mixture",1000,"RV2","precision_at_k","overall",0.31755555555556,0.00433373027621631
"Set3_Mixture",1000,"RV2","false_pooling_at_k","overall",0.987333333333333,0.00204174943142903
"Set3_Mixture",1000,"RV2","harm_maxW1","overall",1.96994333333332,0.0163463327670041
"Set3_Mixture",1000,"RV2","auc","shape_sym",0.443555555555556,0.00514599048842846
"Set3_Mixture",1000,"RV2","auc","shape_skew",0.505111111111111,0.00532440765460618
"Set3_Mixture",1000,"RV2","auc","combined",0.491277777777777,0.00532545241417464
"Set3_Mixture",1000,"RV3","precision_at_k","overall",0.486333333333333,0.00411704826541444
"Set3_Mixture",1000,"RV3","false_pooling_at_k","overall",0.956,0.00374450708816706
"Set3_Mixture",1000,"RV3","harm_maxW1","overall",2.18235433333337,0.019986635085429
"Set3_Mixture",1000,"RV3","auc","shape_sym",0.439111111111111,0.00514469481832138
"Set3_Mixture",1000,"RV3","auc","shape_skew",0.775333333333334,0.00415616751287221
"Set3_Mixture",1000,"RV3","auc","combined",0.764500000000001,0.00434446327077401
"Set3_Mixture",1500,"W1","precision_at_k","overall",0.935888888888886,0.00246462294380752
"Set3_Mixture",1500,"W1","false_pooling_at_k","overall",0.188,0.00713339563835719
"Set3_Mixture",1500,"W1","harm_maxW1","overall",0.139551333333333,0.00536422480777012
"Set3_Mixture",1500,"W1","auc","shape_sym",0.965333333333336,0.00156761988337762
"Set3_Mixture",1500,"W1","auc","shape_skew",0.988222222222223,0.000979762295853911
"Set3_Mixture",1500,"W1","auc","combined",0.994611111111111,0.000608234813601552
"Set3_Mixture",1500,"SMD","precision_at_k","overall",0.336111111111115,0.00436991915435923
"Set3_Mixture",1500,"SMD","false_pooling_at_k","overall",0.988,0.00198796378236627
"Set3_Mixture",1500,"SMD","harm_maxW1","overall",1.84236333333331,0.0159375985642853
"Set3_Mixture",1500,"SMD","auc","shape_sym",0.502277777777778,0.00527527416251635
"Set3_Mixture",1500,"SMD","auc","shape_skew",0.502444444444444,0.00535566927803041
"Set3_Mixture",1500,"SMD","auc","combined",0.503166666666667,0.00527746110161058
"Set3_Mixture",1500,"KS","precision_at_k","overall",0.887999999999999,0.00333946103435816
"Set3_Mixture",1500,"KS","false_pooling_at_k","overall",0.299,0.00835860833711769
"Set3_Mixture",1500,"KS","harm_maxW1","overall",0.256147666666667,0.00737354821555228
"Set3_Mixture",1500,"KS","auc","shape_sym",0.958250000000003,0.00180405856745566
"Set3_Mixture",1500,"KS","auc","shape_skew",0.951861111111111,0.00245765113991233
"Set3_Mixture",1500,"KS","auc","combined",0.973805555555556,0.00153723930507516
"Set3_Mixture",1500,"RV1","precision_at_k","overall",0.335111111111115,0.00435736168145854
"Set3_Mixture",1500,"RV1","false_pooling_at_k","overall",0.988666666666667,0.00193260522687975
"Set3_Mixture",1500,"RV1","harm_maxW1","overall",1.84255799999997,0.0159055375469192
"Set3_Mixture",1500,"RV1","auc","shape_sym",0.501777777777778,0.0052732900998681
"Set3_Mixture",1500,"RV1","auc","shape_skew",0.502166666666666,0.00534792361922251
"Set3_Mixture",1500,"RV1","auc","combined",0.503444444444445,0.00528646030453656
"Set3_Mixture",1500,"RV2","precision_at_k","overall",0.324666666666671,0.00427448935654978
"Set3_Mixture",1500,"RV2","false_pooling_at_k","overall",0.988,0.00198796378236627
"Set3_Mixture",1500,"RV2","harm_maxW1","overall",1.97334466666664,0.016299459880672
"Set3_Mixture",1500,"RV2","auc","shape_sym",0.455499999999999,0.00518102336285219
"Set3_Mixture",1500,"RV2","auc","shape_skew",0.49977777777778,0.0053078077438117
"Set3_Mixture",1500,"RV2","auc","combined",0.49588888888889,0.00521872656841542
"Set3_Mixture",1500,"RV3","precision_at_k","overall",0.495333333333335,0.00406340488497735
"Set3_Mixture",1500,"RV3","false_pooling_at_k","overall",0.958333333333333,0.00364831264904547
"Set3_Mixture",1500,"RV3","harm_maxW1","overall",2.18602200000003,0.0199679653126571
"Set3_Mixture",1500,"RV3","auc","shape_sym",0.452,0.00517805435598937
"Set3_Mixture",1500,"RV3","auc","shape_skew",0.781944444444443,0.00391096577486626
"Set3_Mixture",1500,"RV3","auc","combined",0.775944444444445,0.00423073107050539
"Set3_Mixture",2000,"W1","precision_at_k","overall",0.971888888888888,0.00170570454168889
"Set3_Mixture",2000,"W1","false_pooling_at_k","overall",0.0836666666666667,0.00505524663280819
"Set3_Mixture",2000,"W1","harm_maxW1","overall",0.060193666666667,0.00366903424289261
"Set3_Mixture",2000,"W1","auc","shape_sym",0.984888888888889,0.00102941111456817
"Set3_Mixture",2000,"W1","auc","shape_skew",0.996611111111111,0.000489896898533665
"Set3_Mixture",2000,"W1","auc","combined",0.998833333333333,0.000253694917393145
"Set3_Mixture",2000,"SMD","precision_at_k","overall",0.331888888888894,0.00440109928280617
"Set3_Mixture",2000,"SMD","false_pooling_at_k","overall",0.985666666666667,0.00217009131058955
"Set3_Mixture",2000,"SMD","harm_maxW1","overall",1.84914333333331,0.0160389773723845
"Set3_Mixture",2000,"SMD","auc","shape_sym",0.494833333333333,0.00533683825805066
"Set3_Mixture",2000,"SMD","auc","shape_skew",0.499277777777778,0.00532955412012507
"Set3_Mixture",2000,"SMD","auc","combined",0.504222222222222,0.0052891907788102
"Set3_Mixture",2000,"KS","precision_at_k","overall",0.937999999999998,0.00256811407000188
"Set3_Mixture",2000,"KS","false_pooling_at_k","overall",0.173333333333333,0.00691107538397339
"Set3_Mixture",2000,"KS","harm_maxW1","overall",0.142466666666667,0.00581682413031055
"Set3_Mixture",2000,"KS","auc","shape_sym",0.976111111111112,0.00131452787687893
"Set3_Mixture",2000,"KS","auc","shape_skew",0.980277777777778,0.00149999142658689
"Set3_Mixture",2000,"KS","auc","combined",0.988916666666667,0.000954170912168461
"Set3_Mixture",2000,"RV1","precision_at_k","overall",0.332111111111116,0.00440392595146715
"Set3_Mixture",2000,"RV1","false_pooling_at_k","overall",0.985333333333333,0.00219480868988283
"Set3_Mixture",2000,"RV1","harm_maxW1","overall",1.84966399999997,0.0160496256768814
"Set3_Mixture",2000,"RV1","auc","shape_sym",0.494833333333333,0.00533336718739262
"Set3_Mixture",2000,"RV1","auc","shape_skew",0.499388888888889,0.00533418964961947
"Set3_Mixture",2000,"RV1","auc","combined",0.504555555555556,0.00528384407703836
"Set3_Mixture",2000,"RV2","precision_at_k","overall",0.316777777777782,0.00431420230909308
"Set3_Mixture",2000,"RV2","false_pooling_at_k","overall",0.989333333333333,0.00187553449171953
"Set3_Mixture",2000,"RV2","harm_maxW1","overall",1.98102699999998,0.0162469766035714
"Set3_Mixture",2000,"RV2","auc","shape_sym",0.446611111111112,0.00522788099634396
"Set3_Mixture",2000,"RV2","auc","shape_skew",0.500944444444446,0.00531039734472363
"Set3_Mixture",2000,"RV2","auc","combined",0.4925,0.00517380778895365
"Set3_Mixture",2000,"RV3","precision_at_k","overall",0.495111111111113,0.00410563398912681
"Set3_Mixture",2000,"RV3","false_pooling_at_k","overall",0.954,0.00382465684735245
"Set3_Mixture",2000,"RV3","harm_maxW1","overall",2.18303533333337,0.0201224138165874
"Set3_Mixture",2000,"RV3","auc","shape_sym",0.44388888888889,0.00525168011525092
"Set3_Mixture",2000,"RV3","auc","shape_skew",0.789777777777777,0.0039020075027393
"Set3_Mixture",2000,"RV3","auc","combined",0.783722222222223,0.00411680674025614
"Set4_Extremes",150,"W1","precision_at_k","overall",0.757111111111115,0.00409627151556252
"Set4_Extremes",150,"W1","false_pooling_at_k","overall",0.603666666666667,0.00893034568614643
"Set4_Extremes",150,"W1","harm_maxW1","overall",1.559345,0.0253057666197624
"Set4_Extremes",150,"W1","auc","sym_severity",0.988000000000001,0.000906846387415462
"Set4_Extremes",150,"W1","auc","sym_prevalence",0.952222222222222,0.00305982866192348
"Set4_Extremes",150,"W1","auc","asym_severity",0.973777777777777,0.00193548624275252
"Set4_Extremes",150,"W1","auc","bulk_shift",0.758611111111109,0.00517829982664641
"Set4_Extremes",150,"SMD","precision_at_k","overall",0.405222222222223,0.00468707662011162
"Set4_Extremes",150,"SMD","false_pooling_at_k","overall",0.963,0.00344630236630508
"Set4_Extremes",150,"SMD","harm_maxW1","overall",4.50167533333337,0.0284619221998107
"Set4_Extremes",150,"SMD","auc","sym_severity",0.496,0.00540355164409215
"Set4_Extremes",150,"SMD","auc","sym_prevalence",0.492,0.00698523310144189
"Set4_Extremes",150,"SMD","auc","asym_severity",0.683222222222224,0.00683996937639008
"Set4_Extremes",150,"SMD","auc","bulk_shift",0.730499999999999,0.00558683776145649
"Set4_Extremes",150,"KS","precision_at_k","overall",0.442555555555556,0.00437572380843847
"Set4_Extremes",150,"KS","false_pooling_at_k","overall",0.961,0.00353454381780733
"Set4_Extremes",150,"KS","harm_maxW1","overall",4.23419333333335,0.0306578168170064
"Set4_Extremes",150,"KS","auc","sym_severity",0.515805555555556,0.00520098219494953
"Set4_Extremes",150,"KS","auc","sym_prevalence",0.739722222222221,0.00579234053278403
"Set4_Extremes",150,"KS","auc","asym_severity",0.508333333333334,0.00652736405308302
"Set4_Extremes",150,"KS","auc","bulk_shift",0.795416666666667,0.00495877487918804
"Set4_Extremes",150,"RV1","precision_at_k","overall",0.462777777777778,0.00468329269346619
"Set4_Extremes",150,"RV1","false_pooling_at_k","overall",0.944333333333333,0.00418600401691513
"Set4_Extremes",150,"RV1","harm_maxW1","overall",4.09846466666671,0.0294374542797528
"Set4_Extremes",150,"RV1","auc","sym_severity",0.613166666666668,0.00525694044473622
"Set4_Extremes",150,"RV1","auc","sym_prevalence",0.554555555555556,0.0070724990490173
"Set4_Extremes",150,"RV1","auc","asym_severity",0.755000000000001,0.00648866533100406
"Set4_Extremes",150,"RV1","auc","bulk_shift",0.730499999999999,0.00558683776145649
"Set4_Extremes",150,"RV2","precision_at_k","overall",0.681333333333341,0.00457339596112935
"Set4_Extremes",150,"RV2","false_pooling_at_k","overall",0.715,0.00824166245365582
"Set4_Extremes",150,"RV2","harm_maxW1","overall",2.18852733333335,0.0292516712528408
"Set4_Extremes",150,"RV2","auc","sym_severity",0.942555555555557,0.00217705108812905
"Set4_Extremes",150,"RV2","auc","sym_prevalence",0.806000000000001,0.00520662920269119
"Set4_Extremes",150,"RV2","auc","asym_severity",0.912666666666665,0.00393161921218585
"Set4_Extremes",150,"RV2","auc","bulk_shift",0.726722222222222,0.00562442854893315
"Set4_Extremes",150,"RV3","precision_at_k","overall",0.670333333333343,0.00435555130385166
"Set4_Extremes",150,"RV3","false_pooling_at_k","overall",0.754666666666667,0.00785588715314591
"Set4_Extremes",150,"RV3","harm_maxW1","overall",2.40529200000003,0.0298250794768574
"Set4_Extremes",150,"RV3","auc","sym_severity",0.933888888888891,0.0022580218226213
"Set4_Extremes",150,"RV3","auc","sym_prevalence",0.756222222222223,0.00557270095059555
"Set4_Extremes",150,"RV3","auc","asym_severity",0.993777777777778,0.000987293761346315
"Set4_Extremes",150,"RV3","auc","bulk_shift",0.722444444444444,0.00538401688891094
"Set4_Extremes",200,"W1","precision_at_k","overall",0.807222222222222,0.00380641379886944
"Set4_Extremes",200,"W1","false_pooling_at_k","overall",0.505666666666667,0.00912812300692917
"Set4_Extremes",200,"W1","harm_maxW1","overall",1.24005233333334,0.0239826244110737
"Set4_Extremes",200,"W1","auc","sym_severity",0.99438888888889,0.000586893018902742
"Set4_Extremes",200,"W1","auc","sym_prevalence",0.974888888888889,0.0021630301866772
"Set4_Extremes",200,"W1","auc","asym_severity",0.98811111111111,0.00122314947991072
"Set4_Extremes",200,"W1","auc","bulk_shift",0.814,0.00460328385201447
"Set4_Extremes",200,"SMD","precision_at_k","overall",0.424999999999999,0.00455165822449265
"Set4_Extremes",200,"SMD","false_pooling_at_k","overall",0.963333333333333,0.00343133706797715
"Set4_Extremes",200,"SMD","harm_maxW1","overall",4.56442600000004,0.0279708144432528
"Set4_Extremes",200,"SMD","auc","sym_severity",0.502666666666667,0.00535448122004391
"Set4_Extremes",200,"SMD","auc","sym_prevalence",0.494222222222222,0.00694342096161569
"Set4_Extremes",200,"SMD","auc","asym_severity",0.737000000000001,0.00642087356081293
"Set4_Extremes",200,"SMD","auc","bulk_shift",0.773388888888889,0.00530458678376537
"Set4_Extremes",200,"KS","precision_at_k","overall",0.469888888888889,0.00435396749204787
"Set4_Extremes",200,"KS","false_pooling_at_k","overall",0.956333333333333,0.00373094665774826
"Set4_Extremes",200,"KS","harm_maxW1","overall",4.19823166666668,0.0312545202135117
"Set4_Extremes",200,"KS","auc","sym_severity",0.534499999999999,0.00507807955582712
"Set4_Extremes",200,"KS","auc","sym_prevalence",0.798611111111111,0.0051498506710537
"Set4_Extremes",200,"KS","auc","asym_severity",0.51888888888889,0.00654930650052802
"Set4_Extremes",200,"KS","auc","bulk_shift",0.83625,0.00453104219404268
"Set4_Extremes",200,"RV1","precision_at_k","overall",0.486222222222221,0.00465192734074153
"Set4_Extremes",200,"RV1","false_pooling_at_k","overall",0.93,0.00465832587954084
"Set4_Extremes",200,"RV1","harm_maxW1","overall",4.08704300000004,0.0305576465343257
"Set4_Extremes",200,"RV1","auc","sym_severity",0.62538888888889,0.00521304858162672
"Set4_Extremes",200,"RV1","auc","sym_prevalence",0.560222222222222,0.00698682946752157
"Set4_Extremes",200,"RV1","auc","asym_severity",0.803666666666666,0.00602488358578155
"Set4_Extremes",200,"RV1","auc","bulk_shift",0.772833333333333,0.00530772003550533
"Set4_Extremes",200,"RV2","precision_at_k","overall",0.723000000000005,0.00437912697765325
"Set4_Extremes",200,"RV2","false_pooling_at_k","overall",0.656333333333333,0.00867102240970635
"Set4_Extremes",200,"RV2","harm_maxW1","overall",1.99820533333335,0.030253062040642
"Set4_Extremes",200,"RV2","auc","sym_severity",0.955722222222223,0.00181834247092226
"Set4_Extremes",200,"RV2","auc","sym_prevalence",0.828222222222222,0.00478848240949096
"Set4_Extremes",200,"RV2","auc","asym_severity",0.942333333333332,0.00314507845983498
"Set4_Extremes",200,"RV2","auc","bulk_shift",0.770722222222223,0.00526918120547461
"Set4_Extremes",200,"RV3","precision_at_k","overall",0.707444444444452,0.00424279151448435
"Set4_Extremes",200,"RV3","false_pooling_at_k","overall",0.697,0.00839029200922113
"Set4_Extremes",200,"RV3","harm_maxW1","overall",2.21277266666669,0.0311617446576165
"Set4_Extremes",200,"RV3","auc","sym_severity",0.946833333333334,0.00194818449832175
"Set4_Extremes",200,"RV3","auc","sym_prevalence",0.786666666666667,0.00519401364820818
"Set4_Extremes",200,"RV3","auc","asym_severity",0.998777777777778,0.000399994855934053
"Set4_Extremes",200,"RV3","auc","bulk_shift",0.766555555555555,0.00512208925672962
"Set4_Extremes",300,"W1","precision_at_k","overall",0.863999999999998,0.00349710285737462
"Set4_Extremes",300,"W1","false_pooling_at_k","overall",0.363666666666667,0.00878280938770396
"Set4_Extremes",300,"W1","harm_maxW1","overall",0.823725666666667,0.0206674101189494
"Set4_Extremes",300,"W1","auc","sym_severity",0.998555555555556,0.000282048648868725
"Set4_Extremes",300,"W1","auc","sym_prevalence",0.994666666666666,0.0009245085447862
"Set4_Extremes",300,"W1","auc","asym_severity",0.996777777777778,0.00063556785794877
"Set4_Extremes",300,"W1","auc","bulk_shift",0.868277777777778,0.00409724375386633
"Set4_Extremes",300,"SMD","precision_at_k","overall",0.445888888888888,0.00447619722127892
"Set4_Extremes",300,"SMD","false_pooling_at_k","overall",0.956666666666667,0.00371732679737988
"Set4_Extremes",300,"SMD","harm_maxW1","overall",4.63405633333337,0.0286270663018945
"Set4_Extremes",300,"SMD","auc","sym_severity",0.498055555555555,0.00529459066682391
"Set4_Extremes",300,"SMD","auc","sym_prevalence",0.499777777777777,0.00687812659918396
"Set4_Extremes",300,"SMD","auc","asym_severity",0.814555555555556,0.00578256176587238
"Set4_Extremes",300,"SMD","auc","bulk_shift",0.830944444444443,0.00473768177496337
"Set4_Extremes",300,"KS","precision_at_k","overall",0.512555555555557,0.00424226771797176
"Set4_Extremes",300,"KS","false_pooling_at_k","overall",0.938333333333333,0.00439180634397317
"Set4_Extremes",300,"KS","harm_maxW1","overall",4.02924966666667,0.03251574343128
"Set4_Extremes",300,"KS","auc","sym_severity",0.574500000000001,0.00496253650047206
"Set4_Extremes",300,"KS","auc","sym_prevalence",0.86361111111111,0.00433973589209829
"Set4_Extremes",300,"KS","auc","asym_severity",0.544277777777779,0.00636184218668053
"Set4_Extremes",300,"KS","auc","bulk_shift",0.886944444444444,0.0038576489940526
"Set4_Extremes",300,"RV1","precision_at_k","overall",0.511777777777778,0.00451096697452626
"Set4_Extremes",300,"RV1","false_pooling_at_k","overall",0.924666666666667,0.00481865203219816
"Set4_Extremes",300,"RV1","harm_maxW1","overall",4.16165300000004,0.0311512352524315
"Set4_Extremes",300,"RV1","auc","sym_severity",0.621611111111111,0.00517047639310781
"Set4_Extremes",300,"RV1","auc","sym_prevalence",0.559555555555556,0.00695153830268234
"Set4_Extremes",300,"RV1","auc","asym_severity",0.864666666666667,0.00525814124788548
"Set4_Extremes",300,"RV1","auc","bulk_shift",0.831166666666665,0.00473836880042976
"Set4_Extremes",300,"RV2","precision_at_k","overall",0.784111111111113,0.00410146566194619
"Set4_Extremes",300,"RV2","false_pooling_at_k","overall",0.540666666666667,0.0090984654790835
"Set4_Extremes",300,"RV2","harm_maxW1","overall",1.63554533333335,0.0308902008479395
"Set4_Extremes",300,"RV2","auc","sym_severity",0.970777777777779,0.00144847159407568
"Set4_Extremes",300,"RV2","auc","sym_prevalence",0.867444444444443,0.00419373970042188
"Set4_Extremes",300,"RV2","auc","asym_severity",0.968222222222221,0.00231136394628391
"Set4_Extremes",300,"RV2","auc","bulk_shift",0.829777777777777,0.00473711203716691
"Set4_Extremes",300,"RV3","precision_at_k","overall",0.771000000000003,0.00410223215359232
"Set4_Extremes",300,"RV3","false_pooling_at_k","overall",0.571,0.00903620495562158
"Set4_Extremes",300,"RV3","harm_maxW1","overall",1.80790166666669,0.0322718542764975
"Set4_Extremes",300,"RV3","auc","sym_severity",0.967222222222224,0.00150919677216568
"Set4_Extremes",300,"RV3","auc","sym_prevalence",0.837333333333332,0.00457255365343885
"Set4_Extremes",300,"RV3","auc","asym_severity",0.999777777777778,0.00015708245325115
"Set4_Extremes",300,"RV3","auc","bulk_shift",0.830166666666668,0.00464077373550931
"Set4_Extremes",400,"W1","precision_at_k","overall",0.902777777777775,0.00303841996517453
"Set4_Extremes",400,"W1","false_pooling_at_k","overall",0.270333333333333,0.00810870360008763
"Set4_Extremes",400,"W1","harm_maxW1","overall",0.592276666666667,0.0182653221535804
"Set4_Extremes",400,"W1","auc","sym_severity",0.999555555555556,0.000156925187281268
"Set4_Extremes",400,"W1","auc","sym_prevalence",0.997777777777778,0.000542816917349696
"Set4_Extremes",400,"W1","auc","asym_severity",0.999333333333333,0.00027189322522984
"Set4_Extremes",400,"W1","auc","bulk_shift",0.90838888888889,0.00336769312673837
"Set4_Extremes",400,"SMD","precision_at_k","overall",0.461888888888888,0.00436990785374299
"Set4_Extremes",400,"SMD","false_pooling_at_k","overall",0.958333333333333,0.00364831264904547
"Set4_Extremes",400,"SMD","harm_maxW1","overall",4.71078433333337,0.0279885242226593
"Set4_Extremes",400,"SMD","auc","sym_severity",0.495666666666667,0.00543989946348646
"Set4_Extremes",400,"SMD","auc","sym_prevalence",0.499333333333333,0.00689604288033403
"Set4_Extremes",400,"SMD","auc","asym_severity",0.858555555555556,0.00505625595473894
"Set4_Extremes",400,"SMD","auc","bulk_shift",0.873777777777779,0.00416901365998185
"Set4_Extremes",400,"KS","precision_at_k","overall",0.560777777777779,0.00425174425596186
"Set4_Extremes",400,"KS","false_pooling_at_k","overall",0.901333333333333,0.00544461677731793
"Set4_Extremes",400,"KS","harm_maxW1","overall",3.825016,0.0347710064137604
"Set4_Extremes",400,"KS","auc","sym_severity",0.621500000000001,0.00490596040861133
"Set4_Extremes",400,"KS","auc","sym_prevalence",0.915722222222222,0.00340111803815489
"Set4_Extremes",400,"KS","auc","asym_severity",0.580111111111111,0.00618263165297561
"Set4_Extremes",400,"KS","auc","bulk_shift",0.923194444444445,0.00318132470887367
"Set4_Extremes",400,"RV1","precision_at_k","overall",0.525222222222224,0.00440653788497113
"Set4_Extremes",400,"RV1","false_pooling_at_k","overall",0.921,0.00492473349532744
"Set4_Extremes",400,"RV1","harm_maxW1","overall",4.23123366666672,0.0312833760560842
"Set4_Extremes",400,"RV1","auc","sym_severity",0.615833333333333,0.00528155566541824
"Set4_Extremes",400,"RV1","auc","sym_prevalence",0.558555555555556,0.00700213694601132
"Set4_Extremes",400,"RV1","auc","asym_severity",0.904,0.00441821146988141
"Set4_Extremes",400,"RV1","auc","bulk_shift",0.872833333333335,0.0041930619502357
"Set4_Extremes",400,"RV2","precision_at_k","overall",0.826222222222223,0.0038403874975946
"Set4_Extremes",400,"RV2","false_pooling_at_k","overall",0.451,0.00908476747088223
"Set4_Extremes",400,"RV2","harm_maxW1","overall",1.36864500000001,0.0306063286791126
"Set4_Extremes",400,"RV2","auc","sym_severity",0.978555555555557,0.00121504796768807
"Set4_Extremes",400,"RV2","auc","sym_prevalence",0.898111111111109,0.00368296657578539
"Set4_Extremes",400,"RV2","auc","asym_severity",0.981666666666666,0.00172105695345536
"Set4_Extremes",400,"RV2","auc","bulk_shift",0.873055555555557,0.00418056632212174
"Set4_Extremes",400,"RV3","precision_at_k","overall",0.815555555555556,0.00378995857605639
"Set4_Extremes",400,"RV3","false_pooling_at_k","overall",0.486,0.00912513013605834
"Set4_Extremes",400,"RV3","harm_maxW1","overall",1.52351600000001,0.0319527249354969
"Set4_Extremes",400,"RV3","auc","sym_severity",0.975500000000002,0.00127677859484062
"Set4_Extremes",400,"RV3","auc","sym_prevalence",0.873888888888888,0.00401169842832591
"Set4_Extremes",400,"RV3","auc","asym_severity",0.999888888888889,0.000111092591049289
"Set4_Extremes",400,"RV3","auc","bulk_shift",0.872222222222222,0.0041203599666947
"Set4_Extremes",600,"W1","precision_at_k","overall",0.946777777777775,0.00233206226402531
"Set4_Extremes",600,"W1","false_pooling_at_k","overall",0.153333333333333,0.00657830328231179
"Set4_Extremes",600,"W1","harm_maxW1","overall",0.320988666666667,0.0139566527569976
"Set4_Extremes",600,"W1","auc","sym_severity",0.999888888888889,7.8541226625457e-05
"Set4_Extremes",600,"W1","auc","sym_prevalence",0.999777777777778,0.000157082453250678
"Set4_Extremes",600,"W1","auc","asym_severity",1,0
"Set4_Extremes",600,"W1","auc","bulk_shift",0.953611111111113,0.00235347895013339
"Set4_Extremes",600,"SMD","precision_at_k","overall",0.48511111111111,0.00433762560449528
"Set4_Extremes",600,"SMD","false_pooling_at_k","overall",0.951,0.00394119271287259
"Set4_Extremes",600,"SMD","harm_maxW1","overall",4.72297933333338,0.0286464981468869
"Set4_Extremes",600,"SMD","auc","sym_severity",0.503833333333333,0.00536029441102261
"Set4_Extremes",600,"SMD","auc","sym_prevalence",0.500666666666667,0.00691749258790365
"Set4_Extremes",600,"SMD","auc","asym_severity",0.918333333333332,0.00408690320141998
"Set4_Extremes",600,"SMD","auc","bulk_shift",0.926944444444446,0.00325111171236116
"Set4_Extremes",600,"KS","precision_at_k","overall",0.664666666666678,0.00433175469820502
"Set4_Extremes",600,"KS","false_pooling_at_k","overall",0.768,0.00770662053042707
"Set4_Extremes",600,"KS","harm_maxW1","overall",3.012898,0.0377934270105089
"Set4_Extremes",600,"KS","auc","sym_severity",0.735250000000001,0.0045441093499107
"Set4_Extremes",600,"KS","auc","sym_prevalence",0.96572222222222,0.00220696405254323
"Set4_Extremes",600,"KS","auc","asym_severity",0.674222222222225,0.00576703987945182
"Set4_Extremes",600,"KS","auc","bulk_shift",0.962083333333334,0.00216344578974914
"Set4_Extremes",600,"RV1","precision_at_k","overall",0.550555555555558,0.00429899739483766
"Set4_Extremes",600,"RV1","false_pooling_at_k","overall",0.908333333333333,0.00526826628309823
"Set4_Extremes",600,"RV1","harm_maxW1","overall",4.24740366666671,0.0323670428920073
"Set4_Extremes",600,"RV1","auc","sym_severity",0.62411111111111,0.00519686950720287
"Set4_Extremes",600,"RV1","auc","sym_prevalence",0.566222222222223,0.00697225070084173
"Set4_Extremes",600,"RV1","auc","asym_severity",0.945777777777777,0.00346520386991617
"Set4_Extremes",600,"RV1","auc","bulk_shift",0.927055555555557,0.00322908448720547
"Set4_Extremes",600,"RV2","precision_at_k","overall",0.88533333333333,0.00334256499424289
"Set4_Extremes",600,"RV2","false_pooling_at_k","overall",0.308,0.00842883938234282
"Set4_Extremes",600,"RV2","harm_maxW1","overall",0.96375366666667,0.0288236817622046
"Set4_Extremes",600,"RV2","auc","sym_severity",0.989777777777779,0.000872619631096305
"Set4_Extremes",600,"RV2","auc","sym_prevalence",0.925666666666664,0.00320071944073057
"Set4_Extremes",600,"RV2","auc","asym_severity",0.993555555555556,0.00103565251493301
"Set4_Extremes",600,"RV2","auc","bulk_shift",0.927222222222224,0.00322699199971923
"Set4_Extremes",600,"RV3","precision_at_k","overall",0.87533333333333,0.0034145151310609
"Set4_Extremes",600,"RV3","false_pooling_at_k","overall",0.336333333333333,0.00862579894313607
"Set4_Extremes",600,"RV3","harm_maxW1","overall",1.08809400000001,0.0305274440235374
"Set4_Extremes",600,"RV3","auc","sym_severity",0.987611111111112,0.000927001782374084
"Set4_Extremes",600,"RV3","auc","sym_prevalence",0.912444444444442,0.00341568398997037
"Set4_Extremes",600,"RV3","auc","asym_severity",1,0
"Set4_Extremes",600,"RV3","auc","bulk_shift",0.927611111111113,0.00314910513776856
"Set4_Extremes",1000,"W1","precision_at_k","overall",0.977666666666665,0.00153772719891132
"Set4_Extremes",1000,"W1","false_pooling_at_k","overall",0.0663333333333333,0.00454361171397902
"Set4_Extremes",1000,"W1","harm_maxW1","overall",0.135,0.00928753645125193
"Set4_Extremes",1000,"W1","auc","sym_severity",1,0
"Set4_Extremes",1000,"W1","auc","sym_prevalence",1,0
"Set4_Extremes",1000,"W1","auc","asym_severity",1,0
"Set4_Extremes",1000,"W1","auc","bulk_shift",0.98288888888889,0.00132913536671148
"Set4_Extremes",1000,"SMD","precision_at_k","overall",0.491777777777777,0.00419019235049603
"Set4_Extremes",1000,"SMD","false_pooling_at_k","overall",0.947333333333333,0.0040781077674533
"Set4_Extremes",1000,"SMD","harm_maxW1","overall",4.77398833333337,0.0288237715833254
"Set4_Extremes",1000,"SMD","auc","sym_severity",0.496111111111111,0.00535826541246824
"Set4_Extremes",1000,"SMD","auc","sym_prevalence",0.510333333333332,0.00688271856280738
"Set4_Extremes",1000,"SMD","auc","asym_severity",0.966666666666666,0.00260578653323522
"Set4_Extremes",1000,"SMD","auc","bulk_shift",0.966222222222224,0.00203122132774889
"Set4_Extremes",1000,"KS","precision_at_k","overall",0.830888888888888,0.00374468951830075
"Set4_Extremes",1000,"KS","false_pooling_at_k","overall",0.445666666666667,0.00907465130439161
"Set4_Extremes",1000,"KS","harm_maxW1","overall",1.62582766666667,0.0365378806231798
"Set4_Extremes",1000,"KS","auc","sym_severity",0.892499999999999,0.00321499428795786
"Set4_Extremes",1000,"KS","auc","sym_prevalence",0.995055555555555,0.000762467701535333
"Set4_Extremes",1000,"KS","auc","asym_severity",0.846944444444443,0.00434932649343532
"Set4_Extremes",1000,"KS","auc","bulk_shift",0.988555555555556,0.00114645813492834
"Set4_Extremes",1000,"RV1","precision_at_k","overall",0.559888888888891,0.00414425031816204
"Set4_Extremes",1000,"RV1","false_pooling_at_k","overall",0.908666666666667,0.00525964370008576
"Set4_Extremes",1000,"RV1","harm_maxW1","overall",4.31686166666671,0.0323435011634477
"Set4_Extremes",1000,"RV1","auc","sym_severity",0.613111111111112,0.00523645656587091
"Set4_Extremes",1000,"RV1","auc","sym_prevalence",0.569888888888889,0.00697094469629797
"Set4_Extremes",1000,"RV1","auc","asym_severity",0.983222222222222,0.0019096883161973
"Set4_Extremes",1000,"RV1","auc","bulk_shift",0.966166666666668,0.00205883597101692
"Set4_Extremes",1000,"RV2","precision_at_k","overall",0.943222222222219,0.00239330255491032
"Set4_Extremes",1000,"RV2","false_pooling_at_k","overall",0.163666666666667,0.00675474867257322
"Set4_Extremes",1000,"RV2","harm_maxW1","overall",0.487129666666665,0.0219163002518411
"Set4_Extremes",1000,"RV2","auc","sym_severity",0.997888888888889,0.000357972111932303
"Set4_Extremes",1000,"RV2","auc","sym_prevalence",0.968222222222221,0.00202067910191628
"Set4_Extremes",1000,"RV2","auc","asym_severity",0.998555555555555,0.000399747862920517
"Set4_Extremes",1000,"RV2","auc","bulk_shift",0.966722222222223,0.00203017336931176
"Set4_Extremes",1000,"RV3","precision_at_k","overall",0.937222222222219,0.00249590199105846
"Set4_Extremes",1000,"RV3","false_pooling_at_k","overall",0.180666666666667,0.0070243913668071
"Set4_Extremes",1000,"RV3","harm_maxW1","overall",0.549442666666664,0.0232841211800343
"Set4_Extremes",1000,"RV3","auc","sym_severity",0.9975,0.000386201028697934
"Set4_Extremes",1000,"RV3","auc","sym_prevalence",0.961666666666665,0.00223143921890192
"Set4_Extremes",1000,"RV3","auc","asym_severity",1,0
"Set4_Extremes",1000,"RV3","auc","bulk_shift",0.965722222222224,0.00202309479546498
"Set4_Extremes",1500,"W1","precision_at_k","overall",0.98911111111111,0.00109318126012561
"Set4_Extremes",1500,"W1","false_pooling_at_k","overall",0.0323333333333333,0.00322944210294848
"Set4_Extremes",1500,"W1","harm_maxW1","overall",0.065,0.00650064099403538
"Set4_Extremes",1500,"W1","auc","sym_severity",1,0
"Set4_Extremes",1500,"W1","auc","sym_prevalence",1,0
"Set4_Extremes",1500,"W1","auc","asym_severity",1,0
"Set4_Extremes",1500,"W1","auc","bulk_shift",0.991611111111111,0.000961287181474239
"Set4_Extremes",1500,"SMD","precision_at_k","overall",0.49411111111111,0.00414112716013137
"Set4_Extremes",1500,"SMD","false_pooling_at_k","overall",0.948666666666667,0.00402898755777934
"Set4_Extremes",1500,"SMD","harm_maxW1","overall",4.80029233333338,0.0282763920663731
"Set4_Extremes",1500,"SMD","auc","sym_severity",0.498333333333333,0.0054415241601215
"Set4_Extremes",1500,"SMD","auc","sym_prevalence",0.495888888888888,0.00678919227060489
"Set4_Extremes",1500,"SMD","auc","asym_severity",0.987444444444444,0.00163580186349855
"Set4_Extremes",1500,"SMD","auc","bulk_shift",0.984111111111111,0.00141064588423133
"Set4_Extremes",1500,"KS","precision_at_k","overall",0.931999999999997,0.0026969392802731
"Set4_Extremes",1500,"KS","false_pooling_at_k","overall",0.187,0.00711877798501962
"Set4_Extremes",1500,"KS","harm_maxW1","overall",0.645,0.0261468608695831
"Set4_Extremes",1500,"KS","auc","sym_severity",0.959444444444444,0.00209413250452318
"Set4_Extremes",1500,"KS","auc","sym_prevalence",0.999277777777777,0.000277464638313627
"Set4_Extremes",1500,"KS","auc","asym_severity",0.942833333333332,0.00279442401141177
"Set4_Extremes",1500,"KS","auc","bulk_shift",0.995083333333333,0.000713925096357862
"Set4_Extremes",1500,"RV1","precision_at_k","overall",0.570444444444448,0.00411263435243991
"Set4_Extremes",1500,"RV1","false_pooling_at_k","overall",0.898666666666667,0.00550953382446855
"Set4_Extremes",1500,"RV1","harm_maxW1","overall",4.27220200000005,0.0327687807245887
"Set4_Extremes",1500,"RV1","auc","sym_severity",0.621777777777777,0.00523355114746825
"Set4_Extremes",1500,"RV1","auc","sym_prevalence",0.558666666666667,0.00693272077066052
"Set4_Extremes",1500,"RV1","auc","asym_severity",0.994,0.00111680761962804
"Set4_Extremes",1500,"RV1","auc","bulk_shift",0.984166666666667,0.00140975985171414
"Set4_Extremes",1500,"RV2","precision_at_k","overall",0.973999999999998,0.00169147462876417
"Set4_Extremes",1500,"RV2","false_pooling_at_k","overall",0.0756666666666667,0.00482843046348819
"Set4_Extremes",1500,"RV2","harm_maxW1","overall",0.224501333333333,0.0155576308036163
"Set4_Extremes",1500,"RV2","auc","sym_severity",0.999444444444444,0.000192182612060698
"Set4_Extremes",1500,"RV2","auc","sym_prevalence",0.984777777777777,0.00137321676360117
"Set4_Extremes",1500,"RV2","auc","asym_severity",0.999888888888889,0.000111092591049289
"Set4_Extremes",1500,"RV2","auc","bulk_shift",0.984,0.00142546505298558
"Set4_Extremes",1500,"RV3","precision_at_k","overall",0.969333333333331,0.00182102941990175
"Set4_Extremes",1500,"RV3","false_pooling_at_k","overall",0.0893333333333333,0.0052074590377294
"Set4_Extremes",1500,"RV3","harm_maxW1","overall",0.276664666666666,0.0174701335257082
"Set4_Extremes",1500,"RV3","auc","sym_severity",0.999388888888889,0.000199997427966518
"Set4_Extremes",1500,"RV3","auc","sym_prevalence",0.981222222222221,0.00151323244347428
"Set4_Extremes",1500,"RV3","auc","asym_severity",1,0
"Set4_Extremes",1500,"RV3","auc","bulk_shift",0.983611111111111,0.0014010486225671
"Set4_Extremes",2000,"W1","precision_at_k","overall",0.996666666666666,0.000605530070819587
"Set4_Extremes",2000,"W1","false_pooling_at_k","overall",0.01,0.0018165902124585
"Set4_Extremes",2000,"W1","harm_maxW1","overall",0.0203333333333333,0.00370824406883825
"Set4_Extremes",2000,"W1","auc","sym_severity",1,0
"Set4_Extremes",2000,"W1","auc","sym_prevalence",1,0
"Set4_Extremes",2000,"W1","auc","asym_severity",1,0
"Set4_Extremes",2000,"W1","auc","bulk_shift",0.997777777777778,0.000442588718408234
"Set4_Extremes",2000,"SMD","precision_at_k","overall",0.492111111111112,0.00421390945818836
"Set4_Extremes",2000,"SMD","false_pooling_at_k","overall",0.948333333333333,0.004041337329079
"Set4_Extremes",2000,"SMD","harm_maxW1","overall",4.79248733333338,0.0283453261393526
"Set4_Extremes",2000,"SMD","auc","sym_severity",0.494833333333334,0.00542915000281691
"Set4_Extremes",2000,"SMD","auc","sym_prevalence",0.495555555555556,0.00695973132256573
"Set4_Extremes",2000,"SMD","auc","asym_severity",0.996777777777777,0.000726225372856981
"Set4_Extremes",2000,"SMD","auc","bulk_shift",0.993777777777778,0.000867482996358307
"Set4_Extremes",2000,"KS","precision_at_k","overall",0.975999999999998,0.00161951067141128
"Set4_Extremes",2000,"KS","false_pooling_at_k","overall",0.07,0.00465832587954085
"Set4_Extremes",2000,"KS","harm_maxW1","overall",0.235666666666667,0.0164802361993142
"Set4_Extremes",2000,"KS","auc","sym_severity",0.987833333333334,0.00109644909470664
"Set4_Extremes",2000,"KS","auc","sym_prevalence",0.999944444444445,5.55462955239785e-05
"Set4_Extremes",2000,"KS","auc","asym_severity",0.981833333333332,0.00153091294476356
"Set4_Extremes",2000,"KS","auc","bulk_shift",0.998805555555556,0.000289187434768345
"Set4_Extremes",2000,"RV1","precision_at_k","overall",0.567111111111115,0.00417280239591901
"Set4_Extremes",2000,"RV1","false_pooling_at_k","overall",0.897,0.00554950448238399
"Set4_Extremes",2000,"RV1","harm_maxW1","overall",4.29095033333338,0.0328784998028892
"Set4_Extremes",2000,"RV1","auc","sym_severity",0.615555555555555,0.00536445395684799
"Set4_Extremes",2000,"RV1","auc","sym_prevalence",0.556666666666667,0.00702842553009534
"Set4_Extremes",2000,"RV1","auc","asym_severity",0.998888888888889,0.000384365224122022
"Set4_Extremes",2000,"RV1","auc","bulk_shift",0.993833333333333,0.000858675767722478
"Set4_Extremes",2000,"RV2","precision_at_k","overall",0.988444444444444,0.00113526342549531
"Set4_Extremes",2000,"RV2","false_pooling_at_k","overall",0.034,0.00330877620881195
"Set4_Extremes",2000,"RV2","harm_maxW1","overall",0.100612333333333,0.0105957315627236
"Set4_Extremes",2000,"RV2","auc","sym_severity",0.999888888888889,7.85412266249858e-05
"Set4_Extremes",2000,"RV2","auc","sym_prevalence",0.994,0.000868004665174864
"Set4_Extremes",2000,"RV2","auc","asym_severity",1,0
"Set4_Extremes",2000,"RV2","auc","bulk_shift",0.993944444444445,0.000844443835282211
"Set4_Extremes",2000,"RV3","precision_at_k","overall",0.986777777777777,0.00120840506385639
"Set4_Extremes",2000,"RV3","false_pooling_at_k","overall",0.039,0.00353454381780733
"Set4_Extremes",2000,"RV3","harm_maxW1","overall",0.122199666666667,0.0119320206047037
"Set4_Extremes",2000,"RV3","auc","sym_severity",0.999833333333333,9.61769203077675e-05
"Set4_Extremes",2000,"RV3","auc","sym_prevalence",0.992222222222222,0.000983610548913552
"Set4_Extremes",2000,"RV3","auc","asym_severity",1,0
"Set4_Extremes",2000,"RV3","auc","bulk_shift",0.993777777777778,0.000834848006175473
